timestamp,run,mode,frame_index,elapsed_s,volume_l
2026-08-28 14:58:04.964,capturas/4/20260828_145754/flow,original,0,13.7810,0.003679
2026-08-28 14:58:05.105,capturas/4/20260828_145754/flow,original,1,13.9220,0.003164
2026-08-28 14:58:05.277,capturas/4/20260828_145754/flow,original,2,14.0940,0.000000
2026-08-28 14:58:05.418,capturas/4/20260828_145754/flow,original,3,14.2350,0.000872
2026-08-28 14:58:05.543,capturas/4/20260828_145754/flow,original,4,14.3600,0.000441
2026-08-28 14:58:05.668,capturas/4/20260828_145754/flow,original,5,14.4850,0.000000
2026-08-28 14:58:05.808,capturas/4/20260828_145754/flow,original,6,14.6250,0.000000
2026-08-28 14:58:05.949,capturas/4/20260828_145754/flow,original,7,14.7660,0.000000
2026-08-28 14:58:06.074,capturas/4/20260828_145754/flow,original,8,14.8910,0.001031
2026-08-28 14:58:06.261,capturas/4/20260828_145754/flow,original,9,15.0780,0.002031
2026-08-28 14:58:06.418,capturas/4/20260828_145754/flow,original,10,15.2350,0.000000
2026-08-28 14:58:06.558,capturas/4/20260828_145754/flow,original,11,15.3750,0.000683
2026-08-28 14:58:06.699,capturas/4/20260828_145754/flow,original,12,15.5160,0.000000
2026-08-28 14:58:06.824,capturas/4/20260828_145754/flow,original,13,15.6410,0.000000
2026-08-28 14:58:06.980,capturas/4/20260828_145754/flow,original,14,15.7970,0.000155
2026-08-28 14:58:07.121,capturas/4/20260828_145754/flow,original,15,15.9380,0.003849
2026-08-28 14:58:07.293,capturas/4/20260828_145754/flow,original,16,16.1100,0.001322
2026-08-28 14:58:07.433,capturas/4/20260828_145754/flow,original,17,16.2500,0.000000
2026-08-28 14:58:07.558,capturas/4/20260828_145754/flow,original,18,16.3750,0.000000
2026-08-28 14:58:07.714,capturas/4/20260828_145754/flow,original,19,16.5310,0.000000
2026-08-28 14:58:07.871,capturas/4/20260828_145754/flow,original,20,16.6880,0.000000
2026-08-28 14:58:08.011,capturas/4/20260828_145754/flow,original,21,16.8280,0.000000
2026-08-28 14:58:08.183,capturas/4/20260828_145754/flow,original,22,17.0000,0.000000
2026-08-28 14:58:08.339,capturas/4/20260828_145754/flow,original,23,17.1560,0.000000
2026-08-28 14:58:08.527,capturas/4/20260828_145754/flow,original,24,17.3440,0.000000
2026-08-28 14:58:08.652,capturas/4/20260828_145754/flow,original,25,17.4690,0.000000
2026-08-28 14:58:08.777,capturas/4/20260828_145754/flow,original,26,17.5940,0.000000
2026-08-28 14:58:08.918,capturas/4/20260828_145754/flow,original,27,17.7350,0.000000
2026-08-28 14:58:09.058,capturas/4/20260828_145754/flow,original,28,17.8750,0.000000
2026-08-28 14:58:09.199,capturas/4/20260828_145754/flow,original,29,18.0160,0.000000
2026-08-28 14:58:09.355,capturas/4/20260828_145754/flow,original,30,18.1720,0.004588
2026-08-28 14:58:09.496,capturas/4/20260828_145754/flow,original,31,18.3130,0.007626
2026-08-28 14:58:09.683,capturas/4/20260828_145754/flow,original,32,18.5000,0.019189
2026-08-28 14:58:09.824,capturas/4/20260828_145754/flow,original,33,18.6410,0.000541
2026-08-28 14:58:09.980,capturas/4/20260828_145754/flow,original,34,18.7970,0.000000
2026-08-28 14:58:10.121,capturas/4/20260828_145754/flow,original,35,18.9380,0.000000
2026-08-28 14:58:10.261,capturas/4/20260828_145754/flow,original,36,19.0780,0.000000
2026-08-28 14:58:10.418,capturas/4/20260828_145754/flow,original,37,19.2350,0.000000
2026-08-28 14:58:10.589,capturas/4/20260828_145754/flow,original,38,19.4060,0.000000
2026-08-28 14:58:10.746,capturas/4/20260828_145754/flow,original,39,19.5630,0.000000
2026-08-28 14:58:10.933,capturas/4/20260828_145754/flow,original,40,19.7500,0.000000
2026-08-28 14:58:11.074,capturas/4/20260828_145754/flow,original,41,19.8910,0.000452
2026-08-28 14:58:11.214,capturas/4/20260828_145754/flow,original,42,20.0310,0.000000
2026-08-28 14:58:11.339,capturas/4/20260828_145754/flow,original,43,20.1560,0.000733
2026-08-28 14:58:11.496,capturas/4/20260828_145754/flow,original,44,20.3130,0.000000
2026-08-28 14:58:11.636,capturas/4/20260828_145754/flow,original,45,20.4530,0.000000
2026-08-28 14:58:11.777,capturas/4/20260828_145754/flow,original,46,20.5940,0.000000
2026-08-28 14:58:11.918,capturas/4/20260828_145754/flow,original,47,20.7350,0.000000
2026-08-28 14:58:12.074,capturas/4/20260828_145754/flow,original,48,20.8910,0.001480
2026-08-28 14:58:12.230,capturas/4/20260828_145754/flow,original,49,21.0470,0.000000
2026-08-28 14:58:12.371,capturas/4/20260828_145754/flow,original,50,21.1880,0.039419
2026-08-28 14:58:12.496,capturas/4/20260828_145754/flow,original,51,21.3130,0.014931
2026-08-28 14:58:12.621,capturas/4/20260828_145754/flow,original,52,21.4380,0.026058
2026-08-28 14:58:12.808,capturas/4/20260828_145754/flow,original,53,21.6250,0.012352
2026-08-28 14:58:12.949,capturas/4/20260828_145754/flow,original,54,21.7660,0.002340
2026-08-28 14:58:13.089,capturas/4/20260828_145754/flow,original,55,21.9060,0.001648
2026-08-28 14:58:13.261,capturas/4/20260828_145754/flow,original,56,22.0780,0.005798
2026-08-28 14:58:13.418,capturas/4/20260828_145754/flow,original,57,22.2350,0.032411
2026-08-28 14:58:13.558,capturas/4/20260828_145754/flow,original,58,22.3750,0.002090
2026-08-28 14:58:13.730,capturas/4/20260828_145754/flow,original,59,22.5470,0.000923
2026-08-28 14:58:13.886,capturas/4/20260828_145754/flow,original,60,22.7030,0.000000
2026-08-28 14:58:14.027,capturas/4/20260828_145754/flow,original,61,22.8440,0.001110
2026-08-28 14:58:14.152,capturas/4/20260828_145754/flow,original,62,22.9690,0.000552
2026-08-28 14:58:14.277,capturas/4/20260828_145754/flow,original,63,23.0940,0.000000
2026-08-28 14:58:14.433,capturas/4/20260828_145754/flow,original,64,23.2500,0.000000
2026-08-28 14:58:14.574,capturas/4/20260828_145754/flow,original,65,23.3910,0.001850
2026-08-28 14:58:14.730,capturas/4/20260828_145754/flow,original,66,23.5470,0.000000
2026-08-28 14:58:14.902,capturas/4/20260828_145754/flow,original,67,23.7190,0.003484
2026-08-28 14:58:15.058,capturas/4/20260828_145754/flow,original,68,23.8750,0.004622
2026-08-28 14:58:15.230,capturas/4/20260828_145754/flow,original,69,24.0470,0.022515
2026-08-28 14:58:15.402,capturas/4/20260828_145754/flow,original,70,24.2190,0.023325
2026-08-28 14:58:15.527,capturas/4/20260828_145754/flow,original,71,24.3440,0.018883
2026-08-28 14:58:15.668,capturas/4/20260828_145754/flow,original,72,24.4850,0.067733
2026-08-28 14:58:15.793,capturas/4/20260828_145754/flow,original,73,24.6100,0.077071
2026-08-28 14:58:15.933,capturas/4/20260828_145754/flow,original,74,24.7500,0.083681
2026-08-28 14:58:16.105,capturas/4/20260828_145754/flow,original,75,24.9220,0.053939
2026-08-28 14:58:16.246,capturas/4/20260828_145754/flow,original,76,25.0630,0.063811
2026-08-28 14:58:16.386,capturas/4/20260828_145754/flow,original,77,25.2030,0.055863
2026-08-28 14:58:16.527,capturas/4/20260828_145754/flow,original,78,25.3440,0.055155
2026-08-28 14:58:16.683,capturas/4/20260828_145754/flow,original,79,25.5000,0.032578
2026-08-28 14:58:16.839,capturas/4/20260828_145754/flow,original,80,25.6560,0.035373
2026-08-28 14:58:16.980,capturas/4/20260828_145754/flow,original,81,25.7970,0.021874
2026-08-28 14:58:17.152,capturas/4/20260828_145754/flow,original,82,25.9690,0.018938
2026-08-28 14:58:17.293,capturas/4/20260828_145754/flow,original,83,26.1100,0.000195
2026-08-28 14:58:17.418,capturas/4/20260828_145754/flow,original,84,26.2350,0.004819
2026-08-28 14:58:17.558,capturas/4/20260828_145754/flow,original,85,26.3750,0.004634
2026-08-28 14:58:17.683,capturas/4/20260828_145754/flow,original,86,26.5000,0.017389
2026-08-28 14:58:17.855,capturas/4/20260828_145754/flow,original,87,26.6720,0.041836
2026-08-28 14:58:18.011,capturas/4/20260828_145754/flow,original,88,26.8280,0.043830
2026-08-28 14:58:18.136,capturas/4/20260828_145754/flow,original,89,26.9530,0.060537
2026-08-28 14:58:18.293,capturas/4/20260828_145754/flow,original,90,27.1100,0.028948
2026-08-28 14:58:18.449,capturas/4/20260828_145754/flow,original,91,27.2660,0.044996
2026-08-28 14:58:18.605,capturas/4/20260828_145754/flow,original,92,27.4220,0.041411
2026-08-28 14:58:18.746,capturas/4/20260828_145754/flow,original,93,27.5630,0.027476
2026-08-28 14:58:18.933,capturas/4/20260828_145754/flow,original,94,27.7500,0.023273
2026-08-28 14:58:19.058,capturas/4/20260828_145754/flow,original,95,27.8750,0.000000
2026-08-28 14:58:19.214,capturas/4/20260828_145754/flow,original,96,28.0310,0.000000
2026-08-28 14:58:19.371,capturas/4/20260828_145754/flow,original,97,28.1880,0.000211
2026-08-28 14:58:19.511,capturas/4/20260828_145754/flow,original,98,28.3280,0.003525
2026-08-28 14:58:19.683,capturas/4/20260828_145754/flow,original,99,28.5000,0.000000
2026-08-28 14:58:19.808,capturas/4/20260828_145754/flow,original,100,28.6250,0.000545
2026-08-28 14:58:19.949,capturas/4/20260828_145754/flow,original,101,28.7660,0.001416
2026-08-28 14:58:20.089,capturas/4/20260828_145754/flow,original,102,28.9060,0.000000
2026-08-28 14:58:20.230,capturas/4/20260828_145754/flow,original,103,29.0470,0.000000
2026-08-28 14:58:20.355,capturas/4/20260828_145754/flow,original,104,29.1720,0.000582
2026-08-28 14:58:20.496,capturas/4/20260828_145754/flow,original,105,29.3130,0.000000
2026-08-28 14:58:20.621,capturas/4/20260828_145754/flow,original,106,29.4380,0.000609
2026-08-28 14:58:20.761,capturas/4/20260828_145754/flow,original,107,29.5780,0.000000
2026-08-28 14:58:20.886,capturas/4/20260828_145754/flow,original,108,29.7030,0.000000
2026-08-28 14:58:21.027,capturas/4/20260828_145754/flow,original,109,29.8440,0.000000
2026-08-28 14:58:21.183,capturas/4/20260828_145754/flow,original,110,30.0000,0.000690
2026-08-28 14:58:21.339,capturas/4/20260828_145754/flow,original,111,30.1560,0.000000
2026-08-28 14:58:21.496,capturas/4/20260828_145754/flow,original,112,30.3130,0.004477
2026-08-28 14:58:21.668,capturas/4/20260828_145754/flow,original,113,30.4850,0.002865
2026-08-28 14:58:21.824,capturas/4/20260828_145754/flow,original,114,30.6410,0.000000
2026-08-28 14:58:21.964,capturas/4/20260828_145754/flow,original,115,30.7810,0.000607
2026-08-28 14:58:22.105,capturas/4/20260828_145754/flow,original,116,30.9220,0.000000
2026-08-28 14:58:22.246,capturas/4/20260828_145754/flow,original,117,31.0630,0.000000
2026-08-28 14:58:22.371,capturas/4/20260828_145754/flow,original,118,31.1880,0.000000
2026-08-28 14:58:22.511,capturas/4/20260828_145754/flow,original,119,31.3280,0.000000
2026-08-28 14:58:22.636,capturas/4/20260828_145754/flow,original,120,31.4530,0.000000
2026-08-28 14:58:22.793,capturas/4/20260828_145754/flow,original,121,31.6100,0.000000
2026-08-28 14:58:22.964,capturas/4/20260828_145754/flow,original,122,31.7810,0.000000
2026-08-28 14:58:23.105,capturas/4/20260828_145754/flow,original,123,31.9220,0.002835
2026-08-28 14:58:23.246,capturas/4/20260828_145754/flow,original,124,32.0630,0.006242
2026-08-28 14:58:23.386,capturas/4/20260828_145754/flow,original,125,32.2030,0.003584
2026-08-28 14:58:23.558,capturas/4/20260828_145754/flow,original,126,32.3750,0.001236
2026-08-28 14:58:23.699,capturas/4/20260828_145754/flow,original,127,32.5160,0.004372
2026-08-28 14:58:23.855,capturas/4/20260828_145754/flow,original,128,32.6720,0.003995
2026-08-28 14:58:23.996,capturas/4/20260828_145754/flow,original,129,32.8130,0.011254
2026-08-28 14:58:24.152,capturas/4/20260828_145754/flow,original,130,32.9690,0.021480
2026-08-28 14:58:24.293,capturas/4/20260828_145754/flow,original,131,33.1100,0.076755
2026-08-28 14:58:24.464,capturas/4/20260828_145754/flow,original,132,33.2810,0.095144
2026-08-28 14:58:24.589,capturas/4/20260828_145754/flow,original,133,33.4060,0.052870
2026-08-28 14:58:24.777,capturas/4/20260828_145754/flow,original,134,33.5940,0.021369
2026-08-28 14:58:24.902,capturas/4/20260828_145754/flow,original,135,33.7190,0.000000
2026-08-28 14:58:25.043,capturas/4/20260828_145754/flow,original,136,33.8600,0.001316
2026-08-28 14:58:25.183,capturas/4/20260828_145754/flow,original,137,34.0000,0.000000
2026-08-28 14:58:25.339,capturas/4/20260828_145754/flow,original,138,34.1560,0.001923
2026-08-28 14:58:25.480,capturas/4/20260828_145754/flow,original,139,34.2970,0.009314
2026-08-28 14:58:25.621,capturas/4/20260828_145754/flow,original,140,34.4380,0.007838
2026-08-28 14:58:25.761,capturas/4/20260828_145754/flow,original,141,34.5780,0.014392
2026-08-28 14:58:25.918,capturas/4/20260828_145754/flow,original,142,34.7350,0.000910
2026-08-28 14:58:26.043,capturas/4/20260828_145754/flow,original,143,34.8600,0.000000
2026-08-28 14:58:26.199,capturas/4/20260828_145754/flow,original,144,35.0160,0.000000
2026-08-28 14:58:26.339,capturas/4/20260828_145754/flow,original,145,35.1560,0.000662
2026-08-28 14:58:26.527,capturas/4/20260828_145754/flow,original,146,35.3440,0.001353
2026-08-28 14:58:26.652,capturas/4/20260828_145754/flow,original,147,35.4690,0.002035
2026-08-28 14:58:26.777,capturas/4/20260828_145754/flow,original,148,35.5940,0.002053
2026-08-28 14:58:26.933,capturas/4/20260828_145754/flow,original,149,35.7500,0.000000
2026-08-28 14:58:27.074,capturas/4/20260828_145754/flow,original,150,35.8910,0.002276
2026-08-28 14:58:27.199,capturas/4/20260828_145754/flow,original,151,36.0160,0.004069
2026-08-28 14:58:27.371,capturas/4/20260828_145754/flow,original,152,36.1880,0.016472
2026-08-28 14:58:27.543,capturas/4/20260828_145754/flow,original,153,36.3600,0.005629
2026-08-28 14:58:27.668,capturas/4/20260828_145754/flow,original,154,36.4850,0.000000
2026-08-28 14:58:27.824,capturas/4/20260828_145754/flow,original,155,36.6410,0.000000
2026-08-28 14:58:27.980,capturas/4/20260828_145754/flow,original,156,36.7970,0.000000
2026-08-28 14:58:28.105,capturas/4/20260828_145754/flow,original,157,36.9220,0.000000
2026-08-28 14:58:28.277,capturas/4/20260828_145754/flow,original,158,37.0940,0.000000
2026-08-28 14:58:28.418,capturas/4/20260828_145754/flow,original,159,37.2350,0.000000
2026-08-28 14:58:28.558,capturas/4/20260828_145754/flow,original,160,37.3750,0.000300
2026-08-28 14:58:28.683,capturas/4/20260828_145754/flow,original,161,37.5000,0.000788
2026-08-28 14:58:28.839,capturas/4/20260828_145754/flow,original,162,37.6560,0.000354
2026-08-28 14:58:29.011,capturas/4/20260828_145754/flow,original,163,37.8280,0.000000
2026-08-28 14:58:29.168,capturas/4/20260828_145754/flow,original,164,37.9850,0.002455
2026-08-28 14:58:29.324,capturas/4/20260828_145754/flow,original,165,38.1410,0.000000
2026-08-28 14:58:29.496,capturas/4/20260828_145754/flow,original,166,38.3130,0.000000
2026-08-28 14:58:29.683,capturas/4/20260828_145754/flow,original,167,38.5000,0.000000
2026-08-28 14:58:29.839,capturas/4/20260828_145754/flow,original,168,38.6560,0.000000
2026-08-28 14:58:29.980,capturas/4/20260828_145754/flow,original,169,38.7970,0.000314
2026-08-28 14:58:30.136,capturas/4/20260828_145754/flow,original,170,38.9530,0.000310
2026-08-28 14:58:30.293,capturas/4/20260828_145754/flow,original,171,39.1100,0.000000
2026-08-28 14:58:30.433,capturas/4/20260828_145754/flow,original,172,39.2500,0.000132
2026-08-28 14:58:30.558,capturas/4/20260828_145754/flow,original,173,39.3750,0.000000
2026-08-28 14:58:30.683,capturas/4/20260828_145754/flow,original,174,39.5000,0.000000
2026-08-28 14:58:30.839,capturas/4/20260828_145754/flow,original,175,39.6560,0.001392
2026-08-28 14:58:30.980,capturas/4/20260828_145754/flow,original,176,39.7970,0.001670
2026-08-28 14:58:31.152,capturas/4/20260828_145754/flow,original,177,39.9690,0.002432
2026-08-28 14:58:31.293,capturas/4/20260828_145754/flow,original,178,40.1100,0.000000
2026-08-28 14:58:31.433,capturas/4/20260828_145754/flow,original,179,40.2500,0.000549
2026-08-28 14:58:31.574,capturas/4/20260828_145754/flow,original,180,40.3910,0.019010
2026-08-28 14:58:31.730,capturas/4/20260828_145754/flow,original,181,40.5470,0.019233
2026-08-28 14:58:31.871,capturas/4/20260828_145754/flow,original,182,40.6880,0.022690
2026-08-28 14:58:32.011,capturas/4/20260828_145754/flow,original,183,40.8280,0.029593
2026-08-28 14:58:32.183,capturas/4/20260828_145754/flow,original,184,41.0000,0.057260
2026-08-28 14:58:32.339,capturas/4/20260828_145754/flow,original,185,41.1560,0.006710
2026-08-28 14:58:32.527,capturas/4/20260828_145754/flow,original,186,41.3440,0.007733
2026-08-28 14:58:32.668,capturas/4/20260828_145754/flow,original,187,41.4850,0.000490
2026-08-28 14:58:32.824,capturas/4/20260828_145754/flow,original,188,41.6410,0.000442
2026-08-28 14:58:32.964,capturas/4/20260828_145754/flow,original,189,41.7810,0.002345
2026-08-28 14:58:33.121,capturas/4/20260828_145754/flow,original,190,41.9380,0.000000
2026-08-28 14:58:33.293,capturas/4/20260828_145754/flow,original,191,42.1100,0.000668
2026-08-28 14:58:33.433,capturas/4/20260828_145754/flow,original,192,42.2500,0.000000
2026-08-28 14:58:33.621,capturas/4/20260828_145754/flow,original,193,42.4380,0.000000
2026-08-28 14:58:33.761,capturas/4/20260828_145754/flow,original,194,42.5780,0.000000
2026-08-28 14:58:33.918,capturas/4/20260828_145754/flow,original,195,42.7350,0.000000
2026-08-28 14:58:34.074,capturas/4/20260828_145754/flow,original,196,42.8910,0.000000
2026-08-28 14:58:34.230,capturas/4/20260828_145754/flow,original,197,43.0470,0.000000
2026-08-28 14:58:34.418,capturas/4/20260828_145754/flow,original,198,43.2350,0.000000
2026-08-28 14:58:34.558,capturas/4/20260828_145754/flow,original,199,43.3750,0.000000
2026-08-28 14:58:34.683,capturas/4/20260828_145754/flow,original,200,43.5000,0.000199
2026-08-28 14:58:34.824,capturas/4/20260828_145754/flow,original,201,43.6410,0.000000
2026-08-28 14:58:34.964,capturas/4/20260828_145754/flow,original,202,43.7810,0.000390
2026-08-28 14:58:35.089,capturas/4/20260828_145754/flow,original,203,43.9060,0.000000
2026-08-28 14:58:35.261,capturas/4/20260828_145754/flow,original,204,44.0780,0.000598
2026-08-28 14:58:35.402,capturas/4/20260828_145754/flow,original,205,44.2190,0.000523
2026-08-28 14:58:35.574,capturas/4/20260828_145754/flow,original,206,44.3910,0.000570
2026-08-28 14:58:35.699,capturas/4/20260828_145754/flow,original,207,44.5160,0.002279
2026-08-28 14:58:35.839,capturas/4/20260828_145754/flow,original,208,44.6560,0.001181
2026-08-28 14:58:36.027,capturas/4/20260828_145754/flow,original,209,44.8440,0.002195
2026-08-28 14:58:36.168,capturas/4/20260828_145754/flow,original,210,44.9850,0.014099
2026-08-28 14:58:36.293,capturas/4/20260828_145754/flow,original,211,45.1100,0.008175
2026-08-28 14:58:36.464,capturas/4/20260828_145754/flow,original,212,45.2810,0.003348
2026-08-28 14:58:36.636,capturas/4/20260828_145754/flow,original,213,45.4530,0.002889
2026-08-28 14:58:36.777,capturas/4/20260828_145754/flow,original,214,45.5940,0.002486
2026-08-28 14:58:36.918,capturas/4/20260828_145754/flow,original,215,45.7350,0.016193
2026-08-28 14:58:37.043,capturas/4/20260828_145754/flow,original,216,45.8600,0.012301
2026-08-28 14:58:37.214,capturas/4/20260828_145754/flow,original,217,46.0310,0.002080
2026-08-28 14:58:37.355,capturas/4/20260828_145754/flow,original,218,46.1720,0.001115
2026-08-28 14:58:37.527,capturas/4/20260828_145754/flow,original,219,46.3440,0.000447
2026-08-28 14:58:37.699,capturas/4/20260828_145754/flow,original,220,46.5160,0.008403
2026-08-28 14:58:37.855,capturas/4/20260828_145754/flow,original,221,46.6720,0.008536
2026-08-28 14:58:37.996,capturas/4/20260828_145754/flow,original,222,46.8130,0.008652
2026-08-28 14:58:38.136,capturas/4/20260828_145754/flow,original,223,46.9530,0.013659
2026-08-28 14:58:38.277,capturas/4/20260828_145754/flow,original,224,47.0940,0.013542
2026-08-28 14:58:38.433,capturas/4/20260828_145754/flow,original,225,47.2500,0.004503
2026-08-28 14:58:38.589,capturas/4/20260828_145754/flow,original,226,47.4060,0.006204
2026-08-28 14:58:38.746,capturas/4/20260828_145754/flow,original,227,47.5630,0.005460
2026-08-28 14:58:38.918,capturas/4/20260828_145754/flow,original,228,47.7350,0.015699
2026-08-28 14:58:39.074,capturas/4/20260828_145754/flow,original,229,47.8910,0.002698
2026-08-28 14:58:39.230,capturas/4/20260828_145754/flow,original,230,48.0470,0.005793
2026-08-28 14:58:39.402,capturas/4/20260828_145754/flow,original,231,48.2190,0.010586
2026-08-28 14:58:39.558,capturas/4/20260828_145754/flow,original,232,48.3750,0.009219
2026-08-28 14:58:39.714,capturas/4/20260828_145754/flow,original,233,48.5310,0.005242
2026-08-28 14:58:39.855,capturas/4/20260828_145754/flow,original,234,48.6720,0.006913
2026-08-28 14:58:40.043,capturas/4/20260828_145754/flow,original,235,48.8600,0.002684
2026-08-28 14:58:40.183,capturas/4/20260828_145754/flow,original,236,49.0000,0.005660
2026-08-28 14:58:40.371,capturas/4/20260828_145754/flow,original,237,49.1880,0.002335
2026-08-28 14:58:40.543,capturas/4/20260828_145754/flow,original,238,49.3600,0.003363
2026-08-28 14:58:40.683,capturas/4/20260828_145754/flow,original,239,49.5000,0.006364
2026-08-28 14:58:40.855,capturas/4/20260828_145754/flow,original,240,49.6720,0.003463
2026-08-28 14:58:41.011,capturas/4/20260828_145754/flow,original,241,49.8280,0.000000
2026-08-28 14:58:41.183,capturas/4/20260828_145754/flow,original,242,50.0000,0.001478
2026-08-28 14:58:41.308,capturas/4/20260828_145754/flow,original,243,50.1250,0.004447
2026-08-28 14:58:41.464,capturas/4/20260828_145754/flow,original,244,50.2810,0.010624
2026-08-28 14:58:41.636,capturas/4/20260828_145754/flow,original,245,50.4530,0.040974
2026-08-28 14:58:41.761,capturas/4/20260828_145754/flow,original,246,50.5780,0.063667
2026-08-28 14:58:41.918,capturas/4/20260828_145754/flow,original,247,50.7350,0.070707
2026-08-28 14:58:42.058,capturas/4/20260828_145754/flow,original,248,50.8750,0.088659
2026-08-28 14:58:42.199,capturas/4/20260828_145754/flow,original,249,51.0160,0.099563
2026-08-28 14:58:42.339,capturas/4/20260828_145754/flow,original,250,51.1560,0.028729
2026-08-28 14:58:42.511,capturas/4/20260828_145754/flow,original,251,51.3280,0.023262
2026-08-28 14:58:42.699,capturas/4/20260828_145754/flow,original,252,51.5160,0.020666
2026-08-28 14:58:42.839,capturas/4/20260828_145754/flow,original,253,51.6560,0.019392
2026-08-28 14:58:43.011,capturas/4/20260828_145754/flow,original,254,51.8280,0.009183
2026-08-28 14:58:43.136,capturas/4/20260828_145754/flow,original,255,51.9530,0.001735
2026-08-28 14:58:43.308,capturas/4/20260828_145754/flow,original,256,52.1250,0.000881
2026-08-28 14:58:43.480,capturas/4/20260828_145754/flow,original,257,52.2970,0.002090
2026-08-28 14:58:43.668,capturas/4/20260828_145754/flow,original,258,52.4850,0.002725
2026-08-28 14:58:43.793,capturas/4/20260828_145754/flow,original,259,52.6100,0.002383
2026-08-28 14:58:43.964,capturas/4/20260828_145754/flow,original,260,52.7810,0.005810
2026-08-28 14:58:44.121,capturas/4/20260828_145754/flow,original,261,52.9380,0.016370
2026-08-28 14:58:44.293,capturas/4/20260828_145754/flow,original,262,53.1100,0.027057
2026-08-28 14:58:44.464,capturas/4/20260828_145754/flow,original,263,53.2810,0.007576
2026-08-28 14:58:44.636,capturas/4/20260828_145754/flow,original,264,53.4530,0.005583
2026-08-28 14:58:44.761,capturas/4/20260828_145754/flow,original,265,53.5780,0.014867
2026-08-28 14:58:44.933,capturas/4/20260828_145754/flow,original,266,53.7500,0.059769
2026-08-28 14:58:45.074,capturas/4/20260828_145754/flow,original,267,53.8910,0.059980
2026-08-28 14:58:45.261,capturas/4/20260828_145754/flow,original,268,54.0780,0.012436
2026-08-28 14:58:45.418,capturas/4/20260828_145754/flow,original,269,54.2350,0.003967
2026-08-28 14:58:45.574,capturas/4/20260828_145754/flow,original,270,54.3910,0.004267
2026-08-28 14:58:45.714,capturas/4/20260828_145754/flow,original,271,54.5310,0.007827
2026-08-28 14:58:45.855,capturas/4/20260828_145754/flow,original,272,54.6720,0.012911
2026-08-28 14:58:46.011,capturas/4/20260828_145754/flow,original,273,54.8280,0.001493
2026-08-28 14:58:46.183,capturas/4/20260828_145754/flow,original,274,55.0000,0.001396
2026-08-28 14:58:46.324,capturas/4/20260828_145754/flow,original,275,55.1410,0.000223
2026-08-28 14:58:46.496,capturas/4/20260828_145754/flow,original,276,55.3130,0.000296
2026-08-28 14:58:46.668,capturas/4/20260828_145754/flow,original,277,55.4850,0.000555
2026-08-28 14:58:46.808,capturas/4/20260828_145754/flow,original,278,55.6250,0.000559
2026-08-28 14:58:46.964,capturas/4/20260828_145754/flow,original,279,55.7810,0.002007
2026-08-28 14:58:47.121,capturas/4/20260828_145754/flow,original,280,55.9380,0.026872
2026-08-28 14:58:47.277,capturas/4/20260828_145754/flow,original,281,56.0940,0.066997
2026-08-28 14:58:47.418,capturas/4/20260828_145754/flow,original,282,56.2350,0.102795
2026-08-28 14:58:47.589,capturas/4/20260828_145754/flow,original,283,56.4060,0.110631
2026-08-28 14:58:47.730,capturas/4/20260828_145754/flow,original,284,56.5470,0.046031
2026-08-28 14:58:47.918,capturas/4/20260828_145754/flow,original,285,56.7350,0.016010
2026-08-28 14:58:48.058,capturas/4/20260828_145754/flow,original,286,56.8750,0.008867
2026-08-28 14:58:48.214,capturas/4/20260828_145754/flow,original,287,57.0310,0.003280
2026-08-28 14:58:48.386,capturas/4/20260828_145754/flow,original,288,57.2030,0.001285
2026-08-28 14:58:48.543,capturas/4/20260828_145754/flow,original,289,57.3600,0.006960
2026-08-28 14:58:48.699,capturas/4/20260828_145754/flow,original,290,57.5160,0.006927
2026-08-28 14:58:48.839,capturas/4/20260828_145754/flow,original,291,57.6560,0.011655
2026-08-28 14:58:48.996,capturas/4/20260828_145754/flow,original,292,57.8130,0.012180
2026-08-28 14:58:49.168,capturas/4/20260828_145754/flow,original,293,57.9850,0.004375
2026-08-28 14:58:49.339,capturas/4/20260828_145754/flow,original,294,58.1560,0.006093
2026-08-28 14:58:49.480,capturas/4/20260828_145754/flow,original,295,58.2970,0.009906
2026-08-28 14:58:49.621,capturas/4/20260828_145754/flow,original,296,58.4380,0.008971
2026-08-28 14:58:49.777,capturas/4/20260828_145754/flow,original,297,58.5940,0.010005
2026-08-28 14:58:49.964,capturas/4/20260828_145754/flow,original,298,58.7810,0.010574
2026-08-28 14:58:50.089,capturas/4/20260828_145754/flow,original,299,58.9060,0.039820
2026-08-28 14:58:50.277,capturas/4/20260828_145754/flow,original,300,59.0940,0.016260
2026-08-28 14:58:50.402,capturas/4/20260828_145754/flow,original,301,59.2190,0.010523
2026-08-28 14:58:50.574,capturas/4/20260828_145754/flow,original,302,59.3910,0.002201
2026-08-28 14:58:50.714,capturas/4/20260828_145754/flow,original,303,59.5310,0.005695
2026-08-28 14:58:50.871,capturas/4/20260828_145754/flow,original,304,59.6880,0.011195
2026-08-28 14:58:51.058,capturas/4/20260828_145754/flow,original,305,59.8750,0.062704
2026-08-28 14:58:51.199,capturas/4/20260828_145754/flow,original,306,60.0160,0.099260
2026-08-28 14:58:51.324,capturas/4/20260828_145754/flow,original,307,60.1410,0.118647
2026-08-28 14:58:51.527,capturas/4/20260828_145754/flow,original,308,60.3440,0.057793
2026-08-28 14:58:51.699,capturas/4/20260828_145754/flow,original,309,60.5160,0.045828
2026-08-28 14:58:51.839,capturas/4/20260828_145754/flow,original,310,60.6560,0.016912
2026-08-28 14:58:51.980,capturas/4/20260828_145754/flow,original,311,60.7970,0.008764
2026-08-28 14:58:52.152,capturas/4/20260828_145754/flow,original,312,60.9690,0.003397
2026-08-28 14:58:52.293,capturas/4/20260828_145754/flow,original,313,61.1100,0.002473
2026-08-28 14:58:52.433,capturas/4/20260828_145754/flow,original,314,61.2500,0.000615
2026-08-28 14:58:52.605,capturas/4/20260828_145754/flow,original,315,61.4220,0.000272
2026-08-28 14:58:52.746,capturas/4/20260828_145754/flow,original,316,61.5630,0.002092
2026-08-28 14:58:52.902,capturas/4/20260828_145754/flow,original,317,61.7190,0.001359
2026-08-28 14:58:53.043,capturas/4/20260828_145754/flow,original,318,61.8600,0.008318
2026-08-28 14:58:53.214,capturas/4/20260828_145754/flow,original,319,62.0310,0.006470
2026-08-28 14:58:53.339,capturas/4/20260828_145754/flow,original,320,62.1560,0.011589
2026-08-28 14:58:53.511,capturas/4/20260828_145754/flow,original,321,62.3280,0.010451
2026-08-28 14:58:53.683,capturas/4/20260828_145754/flow,original,322,62.5000,0.016499
2026-08-28 14:58:53.808,capturas/4/20260828_145754/flow,original,323,62.6250,0.007997
2026-08-28 14:58:53.980,capturas/4/20260828_145754/flow,original,324,62.7970,0.001025
2026-08-28 14:58:54.105,capturas/4/20260828_145754/flow,original,325,62.9220,0.000698
2026-08-28 14:58:54.246,capturas/4/20260828_145754/flow,original,326,63.0630,0.002041
2026-08-28 14:58:54.386,capturas/4/20260828_145754/flow,original,327,63.2030,0.000242
2026-08-28 14:58:54.527,capturas/4/20260828_145754/flow,original,328,63.3440,0.000000
2026-08-28 14:58:54.699,capturas/4/20260828_145754/flow,original,329,63.5160,0.000431
2026-08-28 14:58:54.824,capturas/4/20260828_145754/flow,original,330,63.6410,0.000000
2026-08-28 14:58:55.011,capturas/4/20260828_145754/flow,original,331,63.8280,0.000000
2026-08-28 14:58:55.152,capturas/4/20260828_145754/flow,original,332,63.9690,0.000000
2026-08-28 14:58:55.293,capturas/4/20260828_145754/flow,original,333,64.1100,0.004738
2026-08-28 14:58:55.418,capturas/4/20260828_145754/flow,original,334,64.2350,0.004596
2026-08-28 14:58:55.558,capturas/4/20260828_145754/flow,original,335,64.3750,0.009293
2026-08-28 14:58:55.746,capturas/4/20260828_145754/flow,original,336,64.5630,0.006812
2026-08-28 14:58:55.902,capturas/4/20260828_145754/flow,original,337,64.7190,0.006279
2026-08-28 14:58:56.043,capturas/4/20260828_145754/flow,original,338,64.8600,0.008619
2026-08-28 14:58:56.199,capturas/4/20260828_145754/flow,original,339,65.0160,0.007932
2026-08-28 14:58:56.371,capturas/4/20260828_145754/flow,original,340,65.1880,0.020662
2026-08-28 14:58:56.511,capturas/4/20260828_145754/flow,original,341,65.3280,0.016163
2026-08-28 14:58:56.699,capturas/4/20260828_145754/flow,original,342,65.5160,0.007475
2026-08-28 14:58:56.839,capturas/4/20260828_145754/flow,original,343,65.6560,0.004336
2026-08-28 14:58:56.996,capturas/4/20260828_145754/flow,original,344,65.8130,0.004650
2026-08-28 14:58:57.168,capturas/4/20260828_145754/flow,original,345,65.9850,0.005568
2026-08-28 14:58:57.308,capturas/4/20260828_145754/flow,original,346,66.1250,0.001452
2026-08-28 14:58:57.464,capturas/4/20260828_145754/flow,original,347,66.2810,0.000000
2026-08-28 14:58:57.636,capturas/4/20260828_145754/flow,original,348,66.4530,0.000996
2026-08-28 14:58:57.824,capturas/4/20260828_145754/flow,original,349,66.6410,0.001700
2026-08-28 14:58:57.980,capturas/4/20260828_145754/flow,original,350,66.7970,0.002934
2026-08-28 14:58:58.168,capturas/4/20260828_145754/flow,original,351,66.9850,0.003116
2026-08-28 14:58:58.308,capturas/4/20260828_145754/flow,original,352,67.1250,0.001060
2026-08-28 14:58:58.449,capturas/4/20260828_145754/flow,original,353,67.2660,0.001166
2026-08-28 14:58:58.621,capturas/4/20260828_145754/flow,original,354,67.4380,0.007550
2026-08-28 14:58:58.761,capturas/4/20260828_145754/flow,original,355,67.5780,0.005971
2026-08-28 14:58:58.949,capturas/4/20260828_145754/flow,original,356,67.7660,0.001550
2026-08-28 14:58:59.121,capturas/4/20260828_145754/flow,original,357,67.9380,0.000454
2026-08-28 14:58:59.308,capturas/4/20260828_145754/flow,original,358,68.1250,0.000286
2026-08-28 14:58:59.464,capturas/4/20260828_145754/flow,original,359,68.2810,0.001194
2026-08-28 14:58:59.636,capturas/4/20260828_145754/flow,original,360,68.4530,0.001851
2026-08-28 14:58:59.777,capturas/4/20260828_145754/flow,original,361,68.5940,0.013022
2026-08-28 14:58:59.964,capturas/4/20260828_145754/flow,original,362,68.7810,0.046343
2026-08-28 14:59:00.105,capturas/4/20260828_145754/flow,original,363,68.9220,0.008174
2026-08-28 14:59:00.277,capturas/4/20260828_145754/flow,original,364,69.0940,0.000435
2026-08-28 14:59:00.449,capturas/4/20260828_145754/flow,original,365,69.2660,0.000449
2026-08-28 14:59:00.636,capturas/4/20260828_145754/flow,original,366,69.4530,0.000000
2026-08-28 14:59:00.839,capturas/4/20260828_145754/flow,original,367,69.6560,0.000000
2026-08-28 14:59:01.011,capturas/4/20260828_145754/flow,original,368,69.8280,0.000000
2026-08-28 14:59:01.152,capturas/4/20260828_145754/flow,original,369,69.9690,0.000000
2026-08-28 14:59:01.308,capturas/4/20260828_145754/flow,original,370,70.1250,0.000000
2026-08-28 14:59:01.480,capturas/4/20260828_145754/flow,original,371,70.2970,0.000822
2026-08-28 14:59:01.652,capturas/4/20260828_145754/flow,original,372,70.4690,0.000000
2026-08-28 14:59:01.824,capturas/4/20260828_145754/flow,original,373,70.6410,0.000000
2026-08-28 14:59:01.980,capturas/4/20260828_145754/flow,original,374,70.7970,0.000000
2026-08-28 14:59:02.152,capturas/4/20260828_145754/flow,original,375,70.9690,0.004425
2026-08-28 14:59:02.308,capturas/4/20260828_145754/flow,original,376,71.1250,0.002199
2026-08-28 14:59:02.449,capturas/4/20260828_145754/flow,original,377,71.2660,0.003883
2026-08-28 14:59:02.589,capturas/4/20260828_145754/flow,original,378,71.4060,0.004985
2026-08-28 14:59:02.777,capturas/4/20260828_145754/flow,original,379,71.5940,0.002822
2026-08-28 14:59:02.918,capturas/4/20260828_145754/flow,original,380,71.7350,0.006134
2026-08-28 14:59:03.058,capturas/4/20260828_145754/flow,original,381,71.8750,0.007091
2026-08-28 14:59:03.246,capturas/4/20260828_145754/flow,original,382,72.0630,0.000895
2026-08-28 14:59:03.402,capturas/4/20260828_145754/flow,original,383,72.2190,0.001232
2026-08-28 14:59:03.543,capturas/4/20260828_145754/flow,original,384,72.3600,0.000762
2026-08-28 14:59:03.714,capturas/4/20260828_145754/flow,original,385,72.5310,0.000769
2026-08-28 14:59:03.855,capturas/4/20260828_145754/flow,original,386,72.6720,0.001369
2026-08-28 14:59:04.058,capturas/4/20260828_145754/flow,original,387,72.8750,0.004267
2026-08-28 14:59:04.246,capturas/4/20260828_145754/flow,original,388,73.0630,0.010488
2026-08-28 14:59:04.433,capturas/4/20260828_145754/flow,original,389,73.2500,0.005968
2026-08-28 14:59:04.621,capturas/4/20260828_145754/flow,original,390,73.4380,0.006547
2026-08-28 14:59:04.777,capturas/4/20260828_145754/flow,original,391,73.5940,0.023689
2026-08-28 14:59:04.996,capturas/4/20260828_145754/flow,original,392,73.8130,0.057820
2026-08-28 14:59:05.199,capturas/4/20260828_145754/flow,original,393,74.0160,0.011563
2026-08-28 14:59:05.402,capturas/4/20260828_145754/flow,original,394,74.2190,0.004733
2026-08-28 14:59:05.589,capturas/4/20260828_145754/flow,original,395,74.4060,0.000227
2026-08-28 14:59:05.793,capturas/4/20260828_145754/flow,original,396,74.6100,0.000000
2026-08-28 14:59:05.949,capturas/4/20260828_145754/flow,original,397,74.7660,0.000467
2026-08-28 14:59:06.121,capturas/4/20260828_145754/flow,original,398,74.9380,0.002091
2026-08-28 14:59:06.277,capturas/4/20260828_145754/flow,original,399,75.0940,0.001108
2026-08-28 14:59:06.433,capturas/4/20260828_145754/flow,original,400,75.2500,0.000764
2026-08-28 14:59:06.574,capturas/4/20260828_145754/flow,original,401,75.3910,0.000981
2026-08-28 14:59:06.714,capturas/4/20260828_145754/flow,original,402,75.5310,0.000383
2026-08-28 14:59:06.902,capturas/4/20260828_145754/flow,original,403,75.7190,0.005050
2026-08-28 14:59:07.105,capturas/4/20260828_145754/flow,original,404,75.9220,0.011220
2026-08-28 14:59:07.277,capturas/4/20260828_145754/flow,original,405,76.0940,0.002804
2026-08-28 14:59:07.464,capturas/4/20260828_145754/flow,original,406,76.2810,0.020180
2026-08-28 14:59:07.668,capturas/4/20260828_145754/flow,original,407,76.4850,0.022299
2026-08-28 14:59:07.855,capturas/4/20260828_145754/flow,original,408,76.6720,0.009036
2026-08-28 14:59:08.011,capturas/4/20260828_145754/flow,original,409,76.8280,0.004201
2026-08-28 14:59:08.183,capturas/4/20260828_145754/flow,original,410,77.0000,0.003709
2026-08-28 14:59:08.324,capturas/4/20260828_145754/flow,original,411,77.1410,0.001008
2026-08-28 14:59:08.511,capturas/4/20260828_145754/flow,original,412,77.3280,0.005287
2026-08-28 14:59:08.652,capturas/4/20260828_145754/flow,original,413,77.4690,0.004438
2026-08-28 14:59:08.839,capturas/4/20260828_145754/flow,original,414,77.6560,0.013692
2026-08-28 14:59:09.027,capturas/4/20260828_145754/flow,original,415,77.8440,0.007806
2026-08-28 14:59:09.168,capturas/4/20260828_145754/flow,original,416,77.9850,0.004457
2026-08-28 14:59:09.339,capturas/4/20260828_145754/flow,original,417,78.1560,0.000883
2026-08-28 14:59:09.511,capturas/4/20260828_145754/flow,original,418,78.3280,0.000000
2026-08-28 14:59:09.699,capturas/4/20260828_145754/flow,original,419,78.5160,0.002014
2026-08-28 14:59:09.855,capturas/4/20260828_145754/flow,original,420,78.6720,0.002634
2026-08-28 14:59:09.996,capturas/4/20260828_145754/flow,original,421,78.8130,0.000931
2026-08-28 14:59:10.152,capturas/4/20260828_145754/flow,original,422,78.9690,0.000000
2026-08-28 14:59:10.339,capturas/4/20260828_145754/flow,original,423,79.1560,0.000000
2026-08-28 14:59:10.511,capturas/4/20260828_145754/flow,original,424,79.3280,0.000278
2026-08-28 14:59:10.668,capturas/4/20260828_145754/flow,original,425,79.4850,0.002652
2026-08-28 14:59:10.808,capturas/4/20260828_145754/flow,original,426,79.6250,0.004319
2026-08-28 14:59:10.980,capturas/4/20260828_145754/flow,original,427,79.7970,0.003888
2026-08-28 14:59:11.121,capturas/4/20260828_145754/flow,original,428,79.9380,0.000903
2026-08-28 14:59:11.277,capturas/4/20260828_145754/flow,original,429,80.0940,0.001714
2026-08-28 14:59:11.449,capturas/4/20260828_145754/flow,original,430,80.2660,0.000129
2026-08-28 14:59:11.621,capturas/4/20260828_145754/flow,original,431,80.4380,0.000000
2026-08-28 14:59:11.808,capturas/4/20260828_145754/flow,original,432,80.6250,0.000514
2026-08-28 14:59:11.996,capturas/4/20260828_145754/flow,original,433,80.8130,0.002432
2026-08-28 14:59:12.152,capturas/4/20260828_145754/flow,original,434,80.9690,0.000000
2026-08-28 14:59:12.339,capturas/4/20260828_145754/flow,original,435,81.1560,0.000000
2026-08-28 14:59:12.511,capturas/4/20260828_145754/flow,original,436,81.3280,0.001085
2026-08-28 14:59:12.668,capturas/4/20260828_145754/flow,original,437,81.4850,0.000806
2026-08-28 14:59:12.855,capturas/4/20260828_145754/flow,original,438,81.6720,0.000506
2026-08-28 14:59:13.011,capturas/4/20260828_145754/flow,original,439,81.8280,0.003259
2026-08-28 14:59:13.152,capturas/4/20260828_145754/flow,original,440,81.9690,0.001090
2026-08-28 14:59:13.293,capturas/4/20260828_145754/flow,original,441,82.1100,0.001172
2026-08-28 14:59:13.433,capturas/4/20260828_145754/flow,original,442,82.2500,0.001250
2026-08-28 14:59:13.605,capturas/4/20260828_145754/flow,original,443,82.4220,0.002644
2026-08-28 14:59:13.761,capturas/4/20260828_145754/flow,original,444,82.5780,0.003249
2026-08-28 14:59:13.902,capturas/4/20260828_145754/flow,original,445,82.7190,0.005630
2026-08-28 14:59:14.074,capturas/4/20260828_145754/flow,original,446,82.8910,0.002494
2026-08-28 14:59:14.230,capturas/4/20260828_145754/flow,original,447,83.0470,0.000000
2026-08-28 14:59:14.371,capturas/4/20260828_145754/flow,original,448,83.1880,0.000000
2026-08-28 14:59:14.543,capturas/4/20260828_145754/flow,original,449,83.3600,0.000000
2026-08-28 14:59:14.699,capturas/4/20260828_145754/flow,original,450,83.5160,0.000000
2026-08-28 14:59:14.855,capturas/4/20260828_145754/flow,original,451,83.6720,0.000000
2026-08-28 14:59:14.996,capturas/4/20260828_145754/flow,original,452,83.8130,0.000000
2026-08-28 14:59:15.136,capturas/4/20260828_145754/flow,original,453,83.9530,0.000000
2026-08-28 14:59:15.308,capturas/4/20260828_145754/flow,original,454,84.1250,0.000000
2026-08-28 14:59:15.480,capturas/4/20260828_145754/flow,original,455,84.2970,0.000000
2026-08-28 14:59:15.652,capturas/4/20260828_145754/flow,original,456,84.4690,0.000000
2026-08-28 14:59:15.824,capturas/4/20260828_145754/flow,original,457,84.6410,0.000000
2026-08-28 14:59:15.996,capturas/4/20260828_145754/flow,original,458,84.8130,0.000000
2026-08-28 14:59:16.136,capturas/4/20260828_145754/flow,original,459,84.9530,0.000000
2026-08-28 14:59:16.324,capturas/4/20260828_145754/flow,original,460,85.1410,0.000000
2026-08-28 14:59:16.511,capturas/4/20260828_145754/flow,original,461,85.3280,0.000513
2026-08-28 14:59:16.683,capturas/4/20260828_145754/flow,original,462,85.5000,0.000271
2026-08-28 14:59:16.839,capturas/4/20260828_145754/flow,original,463,85.6560,0.004286
2026-08-28 14:59:16.996,capturas/4/20260828_145754/flow,original,464,85.8130,0.013120
2026-08-28 14:59:17.152,capturas/4/20260828_145754/flow,original,465,85.9690,0.008942
2026-08-28 14:59:17.339,capturas/4/20260828_145754/flow,original,466,86.1560,0.005192
2026-08-28 14:59:17.527,capturas/4/20260828_145754/flow,original,467,86.3440,0.001562
2026-08-28 14:59:17.699,capturas/4/20260828_145754/flow,original,468,86.5160,0.005352
2026-08-28 14:59:17.871,capturas/4/20260828_145754/flow,original,469,86.6880,0.001035
2026-08-28 14:59:18.011,capturas/4/20260828_145754/flow,original,470,86.8280,0.000765
2026-08-28 14:59:18.183,capturas/4/20260828_145754/flow,original,471,87.0000,0.000000
2026-08-28 14:59:18.355,capturas/4/20260828_145754/flow,original,472,87.1720,0.001315
2026-08-28 14:59:18.527,capturas/4/20260828_145754/flow,original,473,87.3440,0.000929
2026-08-28 14:59:18.699,capturas/4/20260828_145754/flow,original,474,87.5160,0.009494
2026-08-28 14:59:18.886,capturas/4/20260828_145754/flow,original,475,87.7030,0.007461
2026-08-28 14:59:19.043,capturas/4/20260828_145754/flow,original,476,87.8600,0.002074
2026-08-28 14:59:19.214,capturas/4/20260828_145754/flow,original,477,88.0310,0.001944
2026-08-28 14:59:19.355,capturas/4/20260828_145754/flow,original,478,88.1720,0.000000
2026-08-28 14:59:19.527,capturas/4/20260828_145754/flow,original,479,88.3440,0.000614
2026-08-28 14:59:19.683,capturas/4/20260828_145754/flow,original,480,88.5000,0.002296
2026-08-28 14:59:19.902,capturas/4/20260828_145754/flow,original,481,88.7190,0.000000
2026-08-28 14:59:20.089,capturas/4/20260828_145754/flow,original,482,88.9060,0.000000
2026-08-28 14:59:20.230,capturas/4/20260828_145754/flow,original,483,89.0470,0.000228
2026-08-28 14:59:20.386,capturas/4/20260828_145754/flow,original,484,89.2030,0.000170
2026-08-28 14:59:20.527,capturas/4/20260828_145754/flow,original,485,89.3440,0.000000
2026-08-28 14:59:20.699,capturas/4/20260828_145754/flow,original,486,89.5160,0.000000
2026-08-28 14:59:20.871,capturas/4/20260828_145754/flow,original,487,89.6880,0.000153
2026-08-28 14:59:21.074,capturas/4/20260828_145754/flow,original,488,89.8910,0.000000
2026-08-28 14:59:21.261,capturas/4/20260828_145754/flow,original,489,90.0780,0.000217
2026-08-28 14:59:21.402,capturas/4/20260828_145754/flow,original,490,90.2190,0.000389
2026-08-28 14:59:21.558,capturas/4/20260828_145754/flow,original,491,90.3750,0.000715
2026-08-28 14:59:21.699,capturas/4/20260828_145754/flow,original,492,90.5160,0.002146
2026-08-28 14:59:21.871,capturas/4/20260828_145754/flow,original,493,90.6880,0.000943
2026-08-28 14:59:22.011,capturas/4/20260828_145754/flow,original,494,90.8280,0.003392
2026-08-28 14:59:22.199,capturas/4/20260828_145754/flow,original,495,91.0160,0.003551
2026-08-28 14:59:22.355,capturas/4/20260828_145754/flow,original,496,91.1720,0.004285
2026-08-28 14:59:22.589,capturas/4/20260828_145754/flow,original,497,91.4060,0.012927
2026-08-28 14:59:22.714,capturas/4/20260828_145754/flow,original,498,91.5310,0.009510
2026-08-28 14:59:22.886,capturas/4/20260828_145754/flow,original,499,91.7030,0.004829
2026-08-28 14:59:23.058,capturas/4/20260828_145754/flow,original,500,91.8750,0.010800
2026-08-28 14:59:23.199,capturas/4/20260828_145754/flow,original,501,92.0160,0.000000
2026-08-28 14:59:23.355,capturas/4/20260828_145754/flow,original,502,92.1720,0.000428
2026-08-28 14:59:23.511,capturas/4/20260828_145754/flow,original,503,92.3280,0.000000
2026-08-28 14:59:23.668,capturas/4/20260828_145754/flow,original,504,92.4850,0.000000
2026-08-28 14:59:23.839,capturas/4/20260828_145754/flow,original,505,92.6560,0.000000
2026-08-28 14:59:24.011,capturas/4/20260828_145754/flow,original,506,92.8280,0.002314
2026-08-28 14:59:24.136,capturas/4/20260828_145754/flow,original,507,92.9530,0.000840
2026-08-28 14:59:24.308,capturas/4/20260828_145754/flow,original,508,93.1250,0.001080
2026-08-28 14:59:24.480,capturas/4/20260828_145754/flow,original,509,93.2970,0.000326
2026-08-28 14:59:24.636,capturas/4/20260828_145754/flow,original,510,93.4530,0.000000
2026-08-28 14:59:24.777,capturas/4/20260828_145754/flow,original,511,93.5940,0.000000
2026-08-28 14:59:24.949,capturas/4/20260828_145754/flow,original,512,93.7660,0.000000
2026-08-28 14:59:25.074,capturas/4/20260828_145754/flow,original,513,93.8910,0.000759
2026-08-28 14:59:25.230,capturas/4/20260828_145754/flow,original,514,94.0470,0.000000
2026-08-28 14:59:25.402,capturas/4/20260828_145754/flow,original,515,94.2190,0.001199
2026-08-28 14:59:25.589,capturas/4/20260828_145754/flow,original,516,94.4060,0.000447
2026-08-28 14:59:25.730,capturas/4/20260828_145754/flow,original,517,94.5470,0.000880
2026-08-28 14:59:25.902,capturas/4/20260828_145754/flow,original,518,94.7190,0.000000
2026-08-28 14:59:26.043,capturas/4/20260828_145754/flow,original,519,94.8600,0.000635
2026-08-28 14:59:26.230,capturas/4/20260828_145754/flow,original,520,95.0470,0.000000
2026-08-28 14:59:26.371,capturas/4/20260828_145754/flow,original,521,95.1880,0.000000
2026-08-28 14:59:26.543,capturas/4/20260828_145754/flow,original,522,95.3600,0.000000
2026-08-28 14:59:26.730,capturas/4/20260828_145754/flow,original,523,95.5470,0.000000
2026-08-28 14:59:26.871,capturas/4/20260828_145754/flow,original,524,95.6880,0.000439
2026-08-28 14:59:27.027,capturas/4/20260828_145754/flow,original,525,95.8440,0.000416
2026-08-28 14:59:27.168,capturas/4/20260828_145754/flow,original,526,95.9850,0.001754
2026-08-28 14:59:27.339,capturas/4/20260828_145754/flow,original,527,96.1560,0.001181
2026-08-28 14:59:27.480,capturas/4/20260828_145754/flow,original,528,96.2970,0.004307
2026-08-28 14:59:27.652,capturas/4/20260828_145754/flow,original,529,96.4690,0.002041
2026-08-28 14:59:27.824,capturas/4/20260828_145754/flow,original,530,96.6410,0.001262
2026-08-28 14:59:28.011,capturas/4/20260828_145754/flow,original,531,96.8280,0.000885
2026-08-28 14:59:28.152,capturas/4/20260828_145754/flow,original,532,96.9690,0.000571
2026-08-28 14:59:28.277,capturas/4/20260828_145754/flow,original,533,97.0940,0.000739
2026-08-28 14:59:28.464,capturas/4/20260828_145754/flow,original,534,97.2810,0.000000
2026-08-28 14:59:28.652,capturas/4/20260828_145754/flow,original,535,97.4690,0.000764
2026-08-28 14:59:28.793,capturas/4/20260828_145754/flow,original,536,97.6100,0.000661
2026-08-28 14:59:28.964,capturas/4/20260828_145754/flow,original,537,97.7810,0.000000
2026-08-28 14:59:29.105,capturas/4/20260828_145754/flow,original,538,97.9220,0.002418
2026-08-28 14:59:29.293,capturas/4/20260828_145754/flow,original,539,98.1100,0.005297
2026-08-28 14:59:29.449,capturas/4/20260828_145754/flow,original,540,98.2660,0.004494
2026-08-28 14:59:29.636,capturas/4/20260828_145754/flow,original,541,98.4530,0.000688
2026-08-28 14:59:29.793,capturas/4/20260828_145754/flow,original,542,98.6100,0.000000
2026-08-28 14:59:29.964,capturas/4/20260828_145754/flow,original,543,98.7810,0.000000
2026-08-28 14:59:30.089,capturas/4/20260828_145754/flow,original,544,98.9060,0.000000
2026-08-28 14:59:30.277,capturas/4/20260828_145754/flow,original,545,99.0940,0.000000
2026-08-28 14:59:30.449,capturas/4/20260828_145754/flow,original,546,99.2660,0.000000
2026-08-28 14:59:30.621,capturas/4/20260828_145754/flow,original,547,99.4380,0.000000
2026-08-28 14:59:30.777,capturas/4/20260828_145754/flow,original,548,99.5940,0.000000
2026-08-28 14:59:30.964,capturas/4/20260828_145754/flow,original,549,99.7810,0.001404
2026-08-28 14:59:31.089,capturas/4/20260828_145754/flow,original,550,99.9060,0.000000
2026-08-28 14:59:31.277,capturas/4/20260828_145754/flow,original,551,100.0940,0.000000
2026-08-28 14:59:31.464,capturas/4/20260828_145754/flow,original,552,100.2810,0.000000
2026-08-28 14:59:31.636,capturas/4/20260828_145754/flow,original,553,100.4530,0.000000
2026-08-28 14:59:31.793,capturas/4/20260828_145754/flow,original,554,100.6100,0.000000
2026-08-28 14:59:31.980,capturas/4/20260828_145754/flow,original,555,100.7970,0.000000
2026-08-28 14:59:32.136,capturas/4/20260828_145754/flow,original,556,100.9530,0.000175
2026-08-28 14:59:32.261,capturas/4/20260828_145754/flow,original,557,101.0780,0.000000
2026-08-28 14:59:32.433,capturas/4/20260828_145754/flow,original,558,101.2500,0.000322
2026-08-28 14:59:32.621,capturas/4/20260828_145754/flow,original,559,101.4380,0.000142
2026-08-28 14:59:32.761,capturas/4/20260828_145754/flow,original,560,101.5780,0.000142
2026-08-28 14:59:32.949,capturas/4/20260828_145754/flow,original,561,101.7660,0.000337
2026-08-28 14:59:33.074,capturas/4/20260828_145754/flow,original,562,101.8910,0.000721
2026-08-28 14:59:33.230,capturas/4/20260828_145754/flow,original,563,102.0470,0.006724
2026-08-28 14:59:33.433,capturas/4/20260828_145754/flow,original,564,102.2500,0.000451
2026-08-28 14:59:33.621,capturas/4/20260828_145754/flow,original,565,102.4380,0.000366
2026-08-28 14:59:33.793,capturas/4/20260828_145754/flow,original,566,102.6100,0.000000
2026-08-28 14:59:33.964,capturas/4/20260828_145754/flow,original,567,102.7810,0.000979
2026-08-28 14:59:34.089,capturas/4/20260828_145754/flow,original,568,102.9060,0.001174
2026-08-28 14:59:34.261,capturas/4/20260828_145754/flow,original,569,103.0780,0.001636
2026-08-28 14:59:34.449,capturas/4/20260828_145754/flow,original,570,103.2660,0.006734
2026-08-28 14:59:34.621,capturas/4/20260828_145754/flow,original,571,103.4380,0.002242
2026-08-28 14:59:34.824,capturas/4/20260828_145754/flow,original,572,103.6410,0.009718
2026-08-28 14:59:35.027,capturas/4/20260828_145754/flow,original,573,103.8440,0.006252
2026-08-28 14:59:35.152,capturas/4/20260828_145754/flow,original,574,103.9690,0.011608
2026-08-28 14:59:35.339,capturas/4/20260828_145754/flow,original,575,104.1560,0.005274
2026-08-28 14:59:35.496,capturas/4/20260828_145754/flow,original,576,104.3130,0.001552
2026-08-28 14:59:35.652,capturas/4/20260828_145754/flow,original,577,104.4690,0.000468
2026-08-28 14:59:35.824,capturas/4/20260828_145754/flow,original,578,104.6410,0.000985
2026-08-28 14:59:36.011,capturas/4/20260828_145754/flow,original,579,104.8280,0.001033
2026-08-28 14:59:36.152,capturas/4/20260828_145754/flow,original,580,104.9690,0.000241
2026-08-28 14:59:36.339,capturas/4/20260828_145754/flow,original,581,105.1560,0.002091
2026-08-28 14:59:36.527,capturas/4/20260828_145754/flow,original,582,105.3440,0.005064
2026-08-28 14:59:36.668,capturas/4/20260828_145754/flow,original,583,105.4850,0.012210
2026-08-28 14:59:36.839,capturas/4/20260828_145754/flow,original,584,105.6560,0.012833
2026-08-28 14:59:37.011,capturas/4/20260828_145754/flow,original,585,105.8280,0.028951
2026-08-28 14:59:37.121,capturas/4/20260828_145754/flow,original,586,105.9380,0.036192
2026-08-28 14:59:37.308,capturas/4/20260828_145754/flow,original,587,106.1250,0.034110
2026-08-28 14:59:37.480,capturas/4/20260828_145754/flow,original,588,106.2970,0.013369
2026-08-28 14:59:37.652,capturas/4/20260828_145754/flow,original,589,106.4690,0.009725
2026-08-28 14:59:38.527,capturas/4/20260828_145754/flow,original,590,107.3440,0.007537
2026-08-28 14:59:38.699,capturas/4/20260828_145754/flow,original,591,107.5160,0.010094
2026-08-28 14:59:38.855,capturas/4/20260828_145754/flow,original,592,107.6720,0.005181
2026-08-28 14:59:39.027,capturas/4/20260828_145754/flow,original,593,107.8440,0.003168
2026-08-28 14:59:39.168,capturas/4/20260828_145754/flow,original,594,107.9850,0.009746
2026-08-28 14:59:39.355,capturas/4/20260828_145754/flow,original,595,108.1720,0.005355
2026-08-28 14:59:39.496,capturas/4/20260828_145754/flow,original,596,108.3130,0.025317
2026-08-28 14:59:39.636,capturas/4/20260828_145754/flow,original,597,108.4530,0.057196
2026-08-28 14:59:39.761,capturas/4/20260828_145754/flow,original,598,108.5780,0.018738
2026-08-28 14:59:39.949,capturas/4/20260828_145754/flow,original,599,108.7660,0.000713
2026-08-28 14:59:40.121,capturas/4/20260828_145754/flow,original,600,108.9380,0.001974
2026-08-28 14:59:40.277,capturas/4/20260828_145754/flow,original,601,109.0940,0.000000
2026-08-28 14:59:40.433,capturas/4/20260828_145754/flow,original,602,109.2500,0.000000
2026-08-28 14:59:40.589,capturas/4/20260828_145754/flow,original,603,109.4060,0.000816
2026-08-28 14:59:40.777,capturas/4/20260828_145754/flow,original,604,109.5940,0.000937
2026-08-28 14:59:40.949,capturas/4/20260828_145754/flow,original,605,109.7660,0.000000
2026-08-28 14:59:41.089,capturas/4/20260828_145754/flow,original,606,109.9060,0.000373
2026-08-28 14:59:41.277,capturas/4/20260828_145754/flow,original,607,110.0940,0.000000
2026-08-28 14:59:41.449,capturas/4/20260828_145754/flow,original,608,110.2660,0.006412
2026-08-28 14:59:41.621,capturas/4/20260828_145754/flow,original,609,110.4380,0.007643
2026-08-28 14:59:41.761,capturas/4/20260828_145754/flow,original,610,110.5780,0.002034
2026-08-28 14:59:41.933,capturas/4/20260828_145754/flow,original,611,110.7500,0.004300
2026-08-28 14:59:42.089,capturas/4/20260828_145754/flow,original,612,110.9060,0.001849
2026-08-28 14:59:42.277,capturas/4/20260828_145754/flow,original,613,111.0940,0.000000
2026-08-28 14:59:42.464,capturas/4/20260828_145754/flow,original,614,111.2810,0.001938
2026-08-28 14:59:42.636,capturas/4/20260828_145754/flow,original,615,111.4530,0.002722
2026-08-28 14:59:42.808,capturas/4/20260828_145754/flow,original,616,111.6250,0.001108
2026-08-28 14:59:42.949,capturas/4/20260828_145754/flow,original,617,111.7660,0.000753
2026-08-28 14:59:43.121,capturas/4/20260828_145754/flow,original,618,111.9380,0.003361
2026-08-28 14:59:43.293,capturas/4/20260828_145754/flow,original,619,112.1100,0.001063
2026-08-28 14:59:43.433,capturas/4/20260828_145754/flow,original,620,112.2500,0.000000
2026-08-28 14:59:43.574,capturas/4/20260828_145754/flow,original,621,112.3910,0.001412
2026-08-28 14:59:43.746,capturas/4/20260828_145754/flow,original,622,112.5630,0.000336
2026-08-28 14:59:43.933,capturas/4/20260828_145754/flow,original,623,112.7500,0.000143
2026-08-28 14:59:44.074,capturas/4/20260828_145754/flow,original,624,112.8910,0.000391
2026-08-28 14:59:44.230,capturas/4/20260828_145754/flow,original,625,113.0470,0.000392
2026-08-28 14:59:44.433,capturas/4/20260828_145754/flow,original,626,113.2500,0.000202
2026-08-28 14:59:44.636,capturas/4/20260828_145754/flow,original,627,113.4530,0.000391
2026-08-28 14:59:44.793,capturas/4/20260828_145754/flow,original,628,113.6100,0.014109
2026-08-28 14:59:44.980,capturas/4/20260828_145754/flow,original,629,113.7970,0.013789
2026-08-28 14:59:45.152,capturas/4/20260828_145754/flow,original,630,113.9690,0.005527
2026-08-28 14:59:45.339,capturas/4/20260828_145754/flow,original,631,114.1560,0.003438
2026-08-28 14:59:45.496,capturas/4/20260828_145754/flow,original,632,114.3130,0.000862
2026-08-28 14:59:45.683,capturas/4/20260828_145754/flow,original,633,114.5000,0.000538
2026-08-28 14:59:45.855,capturas/4/20260828_145754/flow,original,634,114.6720,0.023146
2026-08-28 14:59:46.043,capturas/4/20260828_145754/flow,original,635,114.8600,0.047900
2026-08-28 14:59:46.168,capturas/4/20260828_145754/flow,original,636,114.9850,0.095419
2026-08-28 14:59:46.371,capturas/4/20260828_145754/flow,original,637,115.1880,0.100249
2026-08-28 14:59:46.511,capturas/4/20260828_145754/flow,original,638,115.3280,0.000407
2026-08-28 14:59:46.652,capturas/4/20260828_145754/flow,original,639,115.4690,0.108040
2026-08-28 14:59:46.808,capturas/4/20260828_145754/flow,original,640,115.6250,0.869660
2026-08-28 14:59:46.980,capturas/4/20260828_145754/flow,original,641,115.7970,2.101187
2026-08-28 14:59:47.168,capturas/4/20260828_145754/flow,original,642,115.9850,3.582208
2026-08-28 14:59:47.339,capturas/4/20260828_145754/flow,original,643,116.1560,7.823113
2026-08-28 14:59:47.511,capturas/4/20260828_145754/flow,original,644,116.3280,8.506195
2026-08-28 14:59:47.668,capturas/4/20260828_145754/flow,original,645,116.4850,9.067093
2026-08-28 14:59:47.824,capturas/4/20260828_145754/flow,original,646,116.6410,10.098553
2026-08-28 14:59:47.996,capturas/4/20260828_145754/flow,original,647,116.8130,10.842424
2026-08-28 14:59:48.136,capturas/4/20260828_145754/flow,original,648,116.9530,16.548425
2026-08-28 14:59:48.324,capturas/4/20260828_145754/flow,original,649,117.1410,17.956635
2026-08-28 14:59:48.496,capturas/4/20260828_145754/flow,original,650,117.3130,19.093951
2026-08-28 14:59:48.636,capturas/4/20260828_145754/flow,original,651,117.4530,20.124211
2026-08-28 14:59:48.824,capturas/4/20260828_145754/flow,original,652,117.6410,21.036174
2026-08-28 14:59:48.996,capturas/4/20260828_145754/flow,original,653,117.8130,24.895010
2026-08-28 14:59:49.183,capturas/4/20260828_145754/flow,original,654,118.0000,25.976178
2026-08-28 14:59:49.324,capturas/4/20260828_145754/flow,original,655,118.1410,27.003834
2026-08-28 14:59:49.496,capturas/4/20260828_145754/flow,original,656,118.3130,27.952697
2026-08-28 14:59:49.683,capturas/4/20260828_145754/flow,original,657,118.5000,28.805056
2026-08-28 14:59:49.839,capturas/4/20260828_145754/flow,original,658,118.6560,31.455494
2026-08-28 14:59:49.980,capturas/4/20260828_145754/flow,original,659,118.7970,31.953702
2026-08-28 14:59:50.168,capturas/4/20260828_145754/flow,original,660,118.9850,32.660611
2026-08-28 14:59:50.339,capturas/4/20260828_145754/flow,original,661,119.1560,33.593020
2026-08-28 14:59:50.511,capturas/4/20260828_145754/flow,original,662,119.3280,34.052894
2026-08-28 14:59:50.668,capturas/4/20260828_145754/flow,original,663,119.4850,35.550476
2026-08-28 14:59:50.839,capturas/4/20260828_145754/flow,original,664,119.6560,35.953647
2026-08-28 14:59:51.011,capturas/4/20260828_145754/flow,original,665,119.8280,36.332187
2026-08-28 14:59:51.199,capturas/4/20260828_145754/flow,original,666,120.0160,36.690654
2026-08-28 14:59:51.324,capturas/4/20260828_145754/flow,original,667,120.1410,37.029157
2026-08-28 14:59:51.496,capturas/4/20260828_145754/flow,original,668,120.3130,38.316808
2026-08-28 14:59:51.668,capturas/4/20260828_145754/flow,original,669,120.4850,38.519847
2026-08-28 14:59:51.824,capturas/4/20260828_145754/flow,original,670,120.6410,38.658844
2026-08-28 14:59:51.996,capturas/4/20260828_145754/flow,original,671,120.8130,38.911801
2026-08-28 14:59:52.168,capturas/4/20260828_145754/flow,original,672,120.9850,39.085167
2026-08-28 14:59:52.339,capturas/4/20260828_145754/flow,original,673,121.1560,37.920226
2026-08-28 14:59:52.511,capturas/4/20260828_145754/flow,original,674,121.3280,37.418408
2026-08-28 14:59:52.668,capturas/4/20260828_145754/flow,original,675,121.4850,36.868803
2026-08-28 14:59:52.839,capturas/4/20260828_145754/flow,original,676,121.6560,36.414398
2026-08-28 14:59:52.964,capturas/4/20260828_145754/flow,original,677,121.7810,35.963868
2026-08-28 14:59:53.152,capturas/4/20260828_145754/flow,original,678,121.9690,35.736973
2026-08-28 14:59:53.324,capturas/4/20260828_145754/flow,original,679,122.1410,36.014997
2026-08-28 14:59:53.480,capturas/4/20260828_145754/flow,original,680,122.2970,36.399116
2026-08-28 14:59:53.668,capturas/4/20260828_145754/flow,original,681,122.4850,36.863799
2026-08-28 14:59:53.855,capturas/4/20260828_145754/flow,original,682,122.6720,37.473318
2026-08-28 14:59:54.027,capturas/4/20260828_145754/flow,original,683,122.8440,39.574846
2026-08-28 14:59:54.183,capturas/4/20260828_145754/flow,original,684,123.0000,39.933700
2026-08-28 14:59:54.355,capturas/4/20260828_145754/flow,original,685,123.1720,40.089587
2026-08-28 14:59:54.543,capturas/4/20260828_145754/flow,original,686,123.3600,39.893797
2026-08-28 14:59:54.714,capturas/4/20260828_145754/flow,original,687,123.5310,39.560308
2026-08-28 14:59:54.918,capturas/4/20260828_145754/flow,original,688,123.7350,38.205576
2026-08-28 14:59:55.074,capturas/4/20260828_145754/flow,original,689,123.8910,37.757919
2026-08-28 14:59:55.214,capturas/4/20260828_145754/flow,original,690,124.0310,37.425928
2026-08-28 14:59:55.386,capturas/4/20260828_145754/flow,original,691,124.2030,37.311879
2026-08-28 14:59:55.558,capturas/4/20260828_145754/flow,original,692,124.3750,37.682519
2026-08-28 14:59:55.714,capturas/4/20260828_145754/flow,original,693,124.5310,40.117508
2026-08-28 14:59:55.855,capturas/4/20260828_145754/flow,original,694,124.6720,40.930599
2026-08-28 14:59:56.011,capturas/4/20260828_145754/flow,original,695,124.8280,41.793897
2026-08-28 14:59:56.168,capturas/4/20260828_145754/flow,original,696,124.9850,42.565935
2026-08-28 14:59:56.339,capturas/4/20260828_145754/flow,original,697,125.1560,43.305525
2026-08-28 14:59:56.511,capturas/4/20260828_145754/flow,original,698,125.3280,45.329834
2026-08-28 14:59:56.652,capturas/4/20260828_145754/flow,original,699,125.4690,45.444175
2026-08-28 14:59:56.855,capturas/4/20260828_145754/flow,original,700,125.6720,45.498882
2026-08-28 14:59:56.996,capturas/4/20260828_145754/flow,original,701,125.8130,45.587680
2026-08-28 14:59:57.183,capturas/4/20260828_145754/flow,original,702,126.0000,45.658617
2026-08-28 14:59:57.355,capturas/4/20260828_145754/flow,original,703,126.1720,45.168970
2026-08-28 14:59:57.543,capturas/4/20260828_145754/flow,original,704,126.3600,44.629656
2026-08-28 14:59:57.699,capturas/4/20260828_145754/flow,original,705,126.5160,43.966804
2026-08-28 14:59:57.902,capturas/4/20260828_145754/flow,original,706,126.7190,43.334062
2026-08-28 14:59:58.089,capturas/4/20260828_145754/flow,original,707,126.9060,42.613169
2026-08-28 14:59:58.214,capturas/4/20260828_145754/flow,original,708,127.0310,40.011088
2026-08-28 14:59:58.402,capturas/4/20260828_145754/flow,original,709,127.2190,39.632894
2026-08-28 14:59:58.574,capturas/4/20260828_145754/flow,original,710,127.3910,39.349895
2026-08-28 14:59:58.777,capturas/4/20260828_145754/flow,original,711,127.5940,39.379509
2026-08-28 14:59:58.933,capturas/4/20260828_145754/flow,original,712,127.7500,39.537256
2026-08-28 14:59:59.105,capturas/4/20260828_145754/flow,original,713,127.9220,40.096320
2026-08-28 14:59:59.230,capturas/4/20260828_145754/flow,original,714,128.0470,40.281188
2026-08-28 14:59:59.418,capturas/4/20260828_145754/flow,original,715,128.2350,40.505883
2026-08-28 14:59:59.605,capturas/4/20260828_145754/flow,original,716,128.4220,41.887275
2026-08-28 14:59:59.777,capturas/4/20260828_145754/flow,original,717,128.5940,42.313267
2026-08-28 14:59:59.949,capturas/4/20260828_145754/flow,original,718,128.7660,43.044472
2026-08-28 15:00:00.105,capturas/4/20260828_145754/flow,original,719,128.9220,43.385516
2026-08-28 15:00:00.261,capturas/4/20260828_145754/flow,original,720,129.0780,43.699365
2026-08-28 15:00:00.418,capturas/4/20260828_145754/flow,original,721,129.2350,46.246181
2026-08-28 15:00:00.558,capturas/4/20260828_145754/flow,original,722,129.3750,47.019996
2026-08-28 15:00:00.746,capturas/4/20260828_145754/flow,original,723,129.5630,48.465242
2026-08-28 15:00:00.871,capturas/4/20260828_145754/flow,original,724,129.6880,49.062443
2026-08-28 15:00:01.043,capturas/4/20260828_145754/flow,original,725,129.8600,49.465764
2026-08-28 15:00:01.183,capturas/4/20260828_145754/flow,original,726,130.0000,49.864731
2026-08-28 15:00:01.402,capturas/4/20260828_145754/flow,original,727,130.2190,49.718406
2026-08-28 15:00:01.543,capturas/4/20260828_145754/flow,original,728,130.3600,49.196638
2026-08-28 15:00:01.714,capturas/4/20260828_145754/flow,original,729,130.5310,48.806494
2026-08-28 15:00:01.886,capturas/4/20260828_145754/flow,original,730,130.7030,48.370683
2026-08-28 15:00:02.058,capturas/4/20260828_145754/flow,original,731,130.8750,47.580075
2026-08-28 15:00:02.214,capturas/4/20260828_145754/flow,original,732,131.0310,47.433906
2026-08-28 15:00:02.418,capturas/4/20260828_145754/flow,original,733,131.2350,47.413224
2026-08-28 15:00:02.589,capturas/4/20260828_145754/flow,original,734,131.4060,47.369939
2026-08-28 15:00:02.761,capturas/4/20260828_145754/flow,original,735,131.5780,47.318055
2026-08-28 15:00:02.902,capturas/4/20260828_145754/flow,original,736,131.7190,47.231744
2026-08-28 15:00:03.074,capturas/4/20260828_145754/flow,original,737,131.8910,47.121793
2026-08-28 15:00:03.230,capturas/4/20260828_145754/flow,original,738,132.0470,46.757853
2026-08-28 15:00:03.402,capturas/4/20260828_145754/flow,original,739,132.2190,46.599530
2026-08-28 15:00:03.511,capturas/4/20260828_145754/flow,original,740,132.3280,46.414083
2026-08-28 15:00:03.699,capturas/4/20260828_145754/flow,original,741,132.5160,45.971955
2026-08-28 15:00:03.886,capturas/4/20260828_145754/flow,original,742,132.7030,45.671350
2026-08-28 15:00:04.043,capturas/4/20260828_145754/flow,original,743,132.8600,44.162016
2026-08-28 15:00:04.230,capturas/4/20260828_145754/flow,original,744,133.0470,43.450870
2026-08-28 15:00:04.402,capturas/4/20260828_145754/flow,original,745,133.2190,42.830938
2026-08-28 15:00:04.558,capturas/4/20260828_145754/flow,original,746,133.3750,41.594567
2026-08-28 15:00:04.699,capturas/4/20260828_145754/flow,original,747,133.5160,41.555773
2026-08-28 15:00:04.855,capturas/4/20260828_145754/flow,original,748,133.6720,41.623087
2026-08-28 15:00:05.011,capturas/4/20260828_145754/flow,original,749,133.8280,41.540711
2026-08-28 15:00:05.214,capturas/4/20260828_145754/flow,original,750,134.0310,41.275755
2026-08-28 15:00:05.386,capturas/4/20260828_145754/flow,original,751,134.2030,39.895259
2026-08-28 15:00:05.574,capturas/4/20260828_145754/flow,original,752,134.3910,39.406952
2026-08-28 15:00:05.761,capturas/4/20260828_145754/flow,original,753,134.5780,38.571398
2026-08-28 15:00:05.902,capturas/4/20260828_145754/flow,original,754,134.7190,38.343677
2026-08-28 15:00:06.074,capturas/4/20260828_145754/flow,original,755,134.8910,38.122755
2026-08-28 15:00:06.214,capturas/4/20260828_145754/flow,original,756,135.0310,37.714535
2026-08-28 15:00:06.402,capturas/4/20260828_145754/flow,original,757,135.2190,37.471492
2026-08-28 15:00:06.589,capturas/4/20260828_145754/flow,original,758,135.4060,37.053674
2026-08-28 15:00:06.761,capturas/4/20260828_145754/flow,original,759,135.5780,36.890904
2026-08-28 15:00:06.949,capturas/4/20260828_145754/flow,original,760,135.7660,36.725768
2026-08-28 15:00:07.105,capturas/4/20260828_145754/flow,original,761,135.9220,37.388991
2026-08-28 15:00:07.246,capturas/4/20260828_145754/flow,original,762,136.0630,37.993498
2026-08-28 15:00:07.418,capturas/4/20260828_145754/flow,original,763,136.2350,39.217330
2026-08-28 15:00:07.558,capturas/4/20260828_145754/flow,original,764,136.3750,39.813154
2026-08-28 15:00:07.761,capturas/4/20260828_145754/flow,original,765,136.5780,40.275117
2026-08-28 15:00:07.902,capturas/4/20260828_145754/flow,original,766,136.7190,41.702863
2026-08-28 15:00:08.089,capturas/4/20260828_145754/flow,original,767,136.9060,42.172589
2026-08-28 15:00:08.230,capturas/4/20260828_145754/flow,original,768,137.0470,43.535331
2026-08-28 15:00:08.386,capturas/4/20260828_145754/flow,original,769,137.2030,43.939451
2026-08-28 15:00:08.589,capturas/4/20260828_145754/flow,original,770,137.4060,44.200234
2026-08-28 15:00:08.761,capturas/4/20260828_145754/flow,original,771,137.5780,44.612485
2026-08-28 15:00:08.933,capturas/4/20260828_145754/flow,original,772,137.7500,44.681374
2026-08-28 15:00:09.058,capturas/4/20260828_145754/flow,original,773,137.8750,45.018860
2026-08-28 15:00:09.246,capturas/4/20260828_145754/flow,original,774,138.0630,45.248827
2026-08-28 15:00:09.402,capturas/4/20260828_145754/flow,original,775,138.2190,45.403359
2026-08-28 15:00:09.558,capturas/4/20260828_145754/flow,original,776,138.3750,45.363170
2026-08-28 15:00:09.746,capturas/4/20260828_145754/flow,original,777,138.5630,45.119747
2026-08-28 15:00:09.933,capturas/4/20260828_145754/flow,original,778,138.7500,44.436576
2026-08-28 15:00:10.089,capturas/4/20260828_145754/flow,original,779,138.9060,44.171674
2026-08-28 15:00:10.230,capturas/4/20260828_145754/flow,original,780,139.0470,43.994877
2026-08-28 15:00:10.418,capturas/4/20260828_145754/flow,original,781,139.2350,43.388726
2026-08-28 15:00:10.589,capturas/4/20260828_145754/flow,original,782,139.4060,43.129882
2026-08-28 15:00:10.793,capturas/4/20260828_145754/flow,original,783,139.6100,42.549670
2026-08-28 15:00:10.933,capturas/4/20260828_145754/flow,original,784,139.7500,42.347853
2026-08-28 15:00:11.074,capturas/4/20260828_145754/flow,original,785,139.8910,42.154227
2026-08-28 15:00:11.230,capturas/4/20260828_145754/flow,original,786,140.0470,41.800053
2026-08-28 15:00:11.402,capturas/4/20260828_145754/flow,original,787,140.2190,41.727633
2026-08-28 15:00:11.605,capturas/4/20260828_145754/flow,original,788,140.4220,41.570496
2026-08-28 15:00:11.777,capturas/4/20260828_145754/flow,original,789,140.5940,41.543203
2026-08-28 15:00:11.949,capturas/4/20260828_145754/flow,original,790,140.7660,41.487226
2026-08-28 15:00:12.136,capturas/4/20260828_145754/flow,original,791,140.9530,41.792498
2026-08-28 15:00:12.261,capturas/4/20260828_145754/flow,original,792,141.0780,41.870434
2026-08-28 15:00:12.449,capturas/4/20260828_145754/flow,original,793,141.2660,42.179715
2026-08-28 15:00:12.621,capturas/4/20260828_145754/flow,original,794,141.4380,42.244130
2026-08-28 15:00:12.808,capturas/4/20260828_145754/flow,original,795,141.6250,42.334223
2026-08-28 15:00:12.980,capturas/4/20260828_145754/flow,original,796,141.7970,42.261420
2026-08-28 15:00:13.121,capturas/4/20260828_145754/flow,original,797,141.9380,42.166597
2026-08-28 15:00:13.246,capturas/4/20260828_145754/flow,original,798,142.0630,41.964160
2026-08-28 15:00:13.433,capturas/4/20260828_145754/flow,original,799,142.2500,41.954652
2026-08-28 15:00:13.621,capturas/4/20260828_145754/flow,original,800,142.4380,41.949528
2026-08-28 15:00:13.777,capturas/4/20260828_145754/flow,original,801,142.5940,42.085595
2026-08-28 15:00:13.949,capturas/4/20260828_145754/flow,original,802,142.7660,42.114055
2026-08-28 15:00:14.105,capturas/4/20260828_145754/flow,original,803,142.9220,42.328615
2026-08-28 15:00:14.277,capturas/4/20260828_145754/flow,original,804,143.0940,42.392662
2026-08-28 15:00:14.433,capturas/4/20260828_145754/flow,original,805,143.2500,42.516276
2026-08-28 15:00:14.621,capturas/4/20260828_145754/flow,original,806,143.4380,43.090404
2026-08-28 15:00:14.808,capturas/4/20260828_145754/flow,original,807,143.6250,43.131243
2026-08-28 15:00:14.996,capturas/4/20260828_145754/flow,original,808,143.8130,43.137007
2026-08-28 15:00:15.152,capturas/4/20260828_145754/flow,original,809,143.9690,43.064529
2026-08-28 15:00:15.308,capturas/4/20260828_145754/flow,original,810,144.1250,42.955428
2026-08-28 15:00:15.496,capturas/4/20260828_145754/flow,original,811,144.3130,42.707256
2026-08-28 15:00:15.652,capturas/4/20260828_145754/flow,original,812,144.4690,42.716072
2026-08-28 15:00:15.793,capturas/4/20260828_145754/flow,original,813,144.6100,42.641374
2026-08-28 15:00:15.949,capturas/4/20260828_145754/flow,original,814,144.7660,42.421553
2026-08-28 15:00:16.136,capturas/4/20260828_145754/flow,original,815,144.9530,42.167667
2026-08-28 15:00:16.261,capturas/4/20260828_145754/flow,original,816,145.0780,41.433479
2026-08-28 15:00:16.418,capturas/4/20260828_145754/flow,original,817,145.2350,41.330202
2026-08-28 15:00:16.605,capturas/4/20260828_145754/flow,original,818,145.4220,41.429732
2026-08-28 15:00:16.746,capturas/4/20260828_145754/flow,original,819,145.5630,41.510953
2026-08-28 15:00:16.933,capturas/4/20260828_145754/flow,original,820,145.7500,41.587464
2026-08-28 15:00:17.089,capturas/4/20260828_145754/flow,original,821,145.9060,41.660321
2026-08-28 15:00:17.214,capturas/4/20260828_145754/flow,original,822,146.0310,41.712915
2026-08-28 15:00:17.386,capturas/4/20260828_145754/flow,original,823,146.2030,41.864522
2026-08-28 15:00:17.543,capturas/4/20260828_145754/flow,original,824,146.3600,41.973615
2026-08-28 15:00:17.668,capturas/4/20260828_145754/flow,original,825,146.4850,42.123756
2026-08-28 15:00:17.808,capturas/4/20260828_145754/flow,original,826,146.6250,42.143159
2026-08-28 15:00:17.949,capturas/4/20260828_145754/flow,original,827,146.7660,42.113394
2026-08-28 15:00:18.136,capturas/4/20260828_145754/flow,original,828,146.9530,42.053939
2026-08-28 15:00:18.293,capturas/4/20260828_145754/flow,original,829,147.1100,41.932680
2026-08-28 15:00:18.480,capturas/4/20260828_145754/flow,original,830,147.2970,41.764106
2026-08-28 15:00:18.605,capturas/4/20260828_145754/flow,original,831,147.4220,40.821157
2026-08-28 15:00:18.793,capturas/4/20260828_145754/flow,original,832,147.6100,40.354474
2026-08-28 15:00:18.980,capturas/4/20260828_145754/flow,original,833,147.7970,39.225717
2026-08-28 15:00:19.152,capturas/4/20260828_145754/flow,original,834,147.9690,38.615932
2026-08-28 15:00:19.293,capturas/4/20260828_145754/flow,original,835,148.1100,37.969758
2026-08-28 15:00:19.480,capturas/4/20260828_145754/flow,original,836,148.2970,37.171900
2026-08-28 15:00:19.652,capturas/4/20260828_145754/flow,original,837,148.4690,37.134168
2026-08-28 15:00:19.839,capturas/4/20260828_145754/flow,original,838,148.6560,37.523237
2026-08-28 15:00:20.027,capturas/4/20260828_145754/flow,original,839,148.8440,38.028233
2026-08-28 15:00:20.214,capturas/4/20260828_145754/flow,original,840,149.0310,38.609847
2026-08-28 15:00:20.339,capturas/4/20260828_145754/flow,original,841,149.1560,40.359621
2026-08-28 15:00:20.511,capturas/4/20260828_145754/flow,original,842,149.3280,40.742323
2026-08-28 15:00:20.699,capturas/4/20260828_145754/flow,original,843,149.5160,41.609679
2026-08-28 15:00:20.902,capturas/4/20260828_145754/flow,original,844,149.7190,41.637700
2026-08-28 15:00:21.058,capturas/4/20260828_145754/flow,original,845,149.8750,41.583357
2026-08-28 15:00:21.246,capturas/4/20260828_145754/flow,original,846,150.0630,40.282554
2026-08-28 15:00:21.433,capturas/4/20260828_145754/flow,original,847,150.2500,39.630021
2026-08-28 15:00:21.621,capturas/4/20260828_145754/flow,original,848,150.4380,38.970782
2026-08-28 15:00:21.808,capturas/4/20260828_145754/flow,original,849,150.6250,38.427327
2026-08-28 15:00:21.996,capturas/4/20260828_145754/flow,original,850,150.8130,38.211300
2026-08-28 15:00:22.183,capturas/4/20260828_145754/flow,original,851,151.0000,39.460518
2026-08-28 15:00:22.308,capturas/4/20260828_145754/flow,original,852,151.1250,40.013651
2026-08-28 15:00:22.496,capturas/4/20260828_145754/flow,original,853,151.3130,40.584264
2026-08-28 15:00:22.668,capturas/4/20260828_145754/flow,original,854,151.4850,41.746618
2026-08-28 15:00:22.871,capturas/4/20260828_145754/flow,original,855,151.6880,42.214305
2026-08-28 15:00:23.058,capturas/4/20260828_145754/flow,original,856,151.8750,43.307705
2026-08-28 15:00:23.246,capturas/4/20260828_145754/flow,original,857,152.0630,43.336724
2026-08-28 15:00:23.386,capturas/4/20260828_145754/flow,original,858,152.2030,43.236726
2026-08-28 15:00:23.558,capturas/4/20260828_145754/flow,original,859,152.3750,42.377835
2026-08-28 15:00:23.730,capturas/4/20260828_145754/flow,original,860,152.5470,41.788875
2026-08-28 15:00:23.886,capturas/4/20260828_145754/flow,original,861,152.7030,36.782710
2026-08-28 15:00:24.011,capturas/4/20260828_145754/flow,original,862,152.8280,35.423827
2026-08-28 15:00:24.199,capturas/4/20260828_145754/flow,original,863,153.0160,33.876965
2026-08-28 15:00:24.324,capturas/4/20260828_145754/flow,original,864,153.1410,32.288779
2026-08-28 15:00:24.511,capturas/4/20260828_145754/flow,original,865,153.3280,30.628893
2026-08-28 15:00:24.699,capturas/4/20260828_145754/flow,original,866,153.5160,24.772178
2026-08-28 15:00:24.886,capturas/4/20260828_145754/flow,original,867,153.7030,23.660312
2026-08-28 15:00:25.043,capturas/4/20260828_145754/flow,original,868,153.8600,22.544597
2026-08-28 15:00:25.214,capturas/4/20260828_145754/flow,original,869,154.0310,20.778598
2026-08-28 15:00:25.339,capturas/4/20260828_145754/flow,original,870,154.1560,19.912313
2026-08-28 15:00:25.496,capturas/4/20260828_145754/flow,original,871,154.3130,17.568959
2026-08-28 15:00:25.683,capturas/4/20260828_145754/flow,original,872,154.5000,17.300936
2026-08-28 15:00:25.839,capturas/4/20260828_145754/flow,original,873,154.6560,17.282277
2026-08-28 15:00:26.027,capturas/4/20260828_145754/flow,original,874,154.8440,17.275114
2026-08-28 15:00:26.199,capturas/4/20260828_145754/flow,original,875,155.0160,17.445827
2026-08-28 15:00:26.355,capturas/4/20260828_145754/flow,original,876,155.1720,18.200420
2026-08-28 15:00:26.558,capturas/4/20260828_145754/flow,original,877,155.3750,18.610701
2026-08-28 15:00:26.746,capturas/4/20260828_145754/flow,original,878,155.5630,19.340140
2026-08-28 15:00:26.933,capturas/4/20260828_145754/flow,original,879,155.7500,20.162367
2026-08-28 15:00:27.121,capturas/4/20260828_145754/flow,original,880,155.9380,21.194272
2026-08-28 15:00:27.308,capturas/4/20260828_145754/flow,original,881,156.1250,24.507620
2026-08-28 15:00:27.496,capturas/4/20260828_145754/flow,original,882,156.3130,24.931620
2026-08-28 15:00:27.652,capturas/4/20260828_145754/flow,original,883,156.4690,25.214485
2026-08-28 15:00:27.824,capturas/4/20260828_145754/flow,original,884,156.6410,25.266182
2026-08-28 15:00:28.027,capturas/4/20260828_145754/flow,original,885,156.8440,25.285955
2026-08-28 15:00:28.199,capturas/4/20260828_145754/flow,original,886,157.0160,25.483407
2026-08-28 15:00:28.371,capturas/4/20260828_145754/flow,original,887,157.1880,25.446635
2026-08-28 15:00:28.543,capturas/4/20260828_145754/flow,original,888,157.3600,25.304216
2026-08-28 15:00:28.714,capturas/4/20260828_145754/flow,original,889,157.5310,24.797307
2026-08-28 15:00:28.902,capturas/4/20260828_145754/flow,original,890,157.7190,24.552672
2026-08-28 15:00:29.043,capturas/4/20260828_145754/flow,original,891,157.8600,22.705219
2026-08-28 15:00:29.246,capturas/4/20260828_145754/flow,original,892,158.0630,22.363115
2026-08-28 15:00:29.371,capturas/4/20260828_145754/flow,original,893,158.1880,22.007644
2026-08-28 15:00:29.496,capturas/4/20260828_145754/flow,original,894,158.3130,21.689083
2026-08-28 15:00:29.668,capturas/4/20260828_145754/flow,original,895,158.4850,21.378125
2026-08-28 15:00:29.855,capturas/4/20260828_145754/flow,original,896,158.6720,20.288779
2026-08-28 15:00:30.043,capturas/4/20260828_145754/flow,original,897,158.8600,20.044521
2026-08-28 15:00:30.246,capturas/4/20260828_145754/flow,original,898,159.0630,19.824901
2026-08-28 15:00:30.371,capturas/4/20260828_145754/flow,original,899,159.1880,19.591629
2026-08-28 15:00:30.543,capturas/4/20260828_145754/flow,original,900,159.3600,19.434705
2026-08-28 15:00:30.699,capturas/4/20260828_145754/flow,original,901,159.5160,18.953917
2026-08-28 15:00:30.839,capturas/4/20260828_145754/flow,original,902,159.6560,18.902873
2026-08-28 15:00:31.011,capturas/4/20260828_145754/flow,original,903,159.8280,18.913996
2026-08-28 15:00:31.199,capturas/4/20260828_145754/flow,original,904,160.0160,18.827526
2026-08-28 15:00:31.355,capturas/4/20260828_145754/flow,original,905,160.1720,18.808178
2026-08-28 15:00:31.527,capturas/4/20260828_145754/flow,original,906,160.3440,18.831823
2026-08-28 15:00:31.699,capturas/4/20260828_145754/flow,original,907,160.5160,18.780986
2026-08-28 15:00:31.855,capturas/4/20260828_145754/flow,original,908,160.6720,18.656812
2026-08-28 15:00:32.058,capturas/4/20260828_145754/flow,original,909,160.8750,18.424044
2026-08-28 15:00:32.214,capturas/4/20260828_145754/flow,original,910,161.0310,18.339389
2026-08-28 15:00:32.355,capturas/4/20260828_145754/flow,original,911,161.1720,18.560904
2026-08-28 15:00:32.543,capturas/4/20260828_145754/flow,original,912,161.3600,18.677037
2026-08-28 15:00:32.699,capturas/4/20260828_145754/flow,original,913,161.5160,18.674258
2026-08-28 15:00:32.871,capturas/4/20260828_145754/flow,original,914,161.6880,18.155271
2026-08-28 15:00:33.027,capturas/4/20260828_145754/flow,original,915,161.8440,18.007487
2026-08-28 15:00:33.214,capturas/4/20260828_145754/flow,original,916,162.0310,17.794018
2026-08-28 15:00:33.386,capturas/4/20260828_145754/flow,original,917,162.2030,17.555653
2026-08-28 15:00:33.527,capturas/4/20260828_145754/flow,original,918,162.3440,17.198313
2026-08-28 15:00:33.699,capturas/4/20260828_145754/flow,original,919,162.5160,16.874433
2026-08-28 15:00:33.902,capturas/4/20260828_145754/flow,original,920,162.7190,16.609575
2026-08-28 15:00:34.058,capturas/4/20260828_145754/flow,original,921,162.8750,15.769923
2026-08-28 15:00:34.246,capturas/4/20260828_145754/flow,original,922,163.0630,15.239309
2026-08-28 15:00:34.418,capturas/4/20260828_145754/flow,original,923,163.2350,14.575838
2026-08-28 15:00:34.605,capturas/4/20260828_145754/flow,original,924,163.4220,12.980194
2026-08-28 15:00:34.730,capturas/4/20260828_145754/flow,original,925,163.5470,12.087014
2026-08-28 15:00:34.918,capturas/4/20260828_145754/flow,original,926,163.7350,8.721267
2026-08-28 15:00:35.105,capturas/4/20260828_145754/flow,original,927,163.9220,7.989996
2026-08-28 15:00:35.293,capturas/4/20260828_145754/flow,original,928,164.1100,7.277977
2026-08-28 15:00:35.433,capturas/4/20260828_145754/flow,original,929,164.2500,6.364522
2026-08-28 15:00:35.605,capturas/4/20260828_145754/flow,original,930,164.4220,5.416725
2026-08-28 15:00:35.793,capturas/4/20260828_145754/flow,original,931,164.6100,2.228134
2026-08-28 15:00:35.980,capturas/4/20260828_145754/flow,original,932,164.7970,1.754410
2026-08-28 15:00:36.168,capturas/4/20260828_145754/flow,original,933,164.9850,1.369883
2026-08-28 15:00:36.293,capturas/4/20260828_145754/flow,original,934,165.1100,0.947078
2026-08-28 15:00:36.433,capturas/4/20260828_145754/flow,original,935,165.2500,0.695452
2026-08-28 15:00:36.621,capturas/4/20260828_145754/flow,original,936,165.4380,0.115979
2026-08-28 15:00:36.808,capturas/4/20260828_145754/flow,original,937,165.6250,0.071561
2026-08-28 15:00:36.996,capturas/4/20260828_145754/flow,original,938,165.8130,0.037212
2026-08-28 15:00:37.199,capturas/4/20260828_145754/flow,original,939,166.0160,0.017483
2026-08-28 15:00:37.402,capturas/4/20260828_145754/flow,original,940,166.2190,0.007883
2026-08-28 15:00:37.589,capturas/4/20260828_145754/flow,original,941,166.4060,0.000598
2026-08-28 15:00:37.777,capturas/4/20260828_145754/flow,original,942,166.5940,0.000000
2026-08-28 15:00:37.949,capturas/4/20260828_145754/flow,original,943,166.7660,0.000000
2026-08-28 15:00:38.152,capturas/4/20260828_145754/flow,original,944,166.9690,0.000000
2026-08-28 15:00:38.339,capturas/4/20260828_145754/flow,original,945,167.1560,0.000000
2026-08-28 15:00:38.464,capturas/4/20260828_145754/flow,original,946,167.2810,0.000000
2026-08-28 15:00:38.636,capturas/4/20260828_145754/flow,original,947,167.4530,0.000000
2026-08-28 15:00:38.839,capturas/4/20260828_145754/flow,original,948,167.6560,0.000000
2026-08-28 15:00:39.011,capturas/4/20260828_145754/flow,original,949,167.8280,0.000000
2026-08-28 15:00:39.168,capturas/4/20260828_145754/flow,original,950,167.9850,0.000000
2026-08-28 15:00:39.293,capturas/4/20260828_145754/flow,original,951,168.1100,0.000000
2026-08-28 15:00:39.433,capturas/4/20260828_145754/flow,original,952,168.2500,0.000000
2026-08-28 15:00:39.621,capturas/4/20260828_145754/flow,original,953,168.4380,0.000000
2026-08-28 15:00:39.808,capturas/4/20260828_145754/flow,original,954,168.6250,0.000000
2026-08-28 15:00:39.996,capturas/4/20260828_145754/flow,original,955,168.8130,0.000000
2026-08-28 15:00:40.199,capturas/4/20260828_145754/flow,original,956,169.0160,0.000000
2026-08-28 15:00:40.339,capturas/4/20260828_145754/flow,original,957,169.1560,0.000000
2026-08-28 15:00:40.480,capturas/4/20260828_145754/flow,original,958,169.2970,0.000000
2026-08-28 15:00:40.652,capturas/4/20260828_145754/flow,original,959,169.4690,0.000522
2026-08-28 15:00:40.808,capturas/4/20260828_145754/flow,original,960,169.6250,0.000231
2026-08-28 15:00:41.011,capturas/4/20260828_145754/flow,original,961,169.8280,0.002244
2026-08-28 15:00:41.183,capturas/4/20260828_145754/flow,original,962,170.0000,0.007398
2026-08-28 15:00:41.355,capturas/4/20260828_145754/flow,original,963,170.1720,0.003527
2026-08-28 15:00:41.480,capturas/4/20260828_145754/flow,original,964,170.2970,0.000926
2026-08-28 15:00:41.683,capturas/4/20260828_145754/flow,original,965,170.5000,0.000000
2026-08-28 15:00:41.871,capturas/4/20260828_145754/flow,original,966,170.6880,0.005570
2026-08-28 15:00:42.027,capturas/4/20260828_145754/flow,original,967,170.8440,0.003117
2026-08-28 15:00:42.183,capturas/4/20260828_145754/flow,original,968,171.0000,0.000000
2026-08-28 15:00:42.386,capturas/4/20260828_145754/flow,original,969,171.2030,0.001413
2026-08-28 15:00:42.527,capturas/4/20260828_145754/flow,original,970,171.3440,0.005099
2026-08-28 15:00:42.683,capturas/4/20260828_145754/flow,original,971,171.5000,0.010493
2026-08-28 15:00:42.886,capturas/4/20260828_145754/flow,original,972,171.7030,0.006385
2026-08-28 15:00:43.043,capturas/4/20260828_145754/flow,original,973,171.8600,0.005245
2026-08-28 15:00:43.261,capturas/4/20260828_145754/flow,original,974,172.0780,0.005977
2026-08-28 15:00:43.433,capturas/4/20260828_145754/flow,original,975,172.2500,0.013200
2026-08-28 15:00:43.621,capturas/4/20260828_145754/flow,original,976,172.4380,0.012420
2026-08-28 15:00:43.808,capturas/4/20260828_145754/flow,original,977,172.6250,0.014307
2026-08-28 15:00:43.980,capturas/4/20260828_145754/flow,original,978,172.7970,0.016768
2026-08-28 15:00:44.121,capturas/4/20260828_145754/flow,original,979,172.9380,0.014584
2026-08-28 15:00:44.308,capturas/4/20260828_145754/flow,original,980,173.1250,0.012257
2026-08-28 15:00:44.496,capturas/4/20260828_145754/flow,original,981,173.3130,0.011681
2026-08-28 15:00:44.699,capturas/4/20260828_145754/flow,original,982,173.5160,0.013456
2026-08-28 15:00:44.871,capturas/4/20260828_145754/flow,original,983,173.6880,0.025659
2026-08-28 15:00:45.074,capturas/4/20260828_145754/flow,original,984,173.8910,0.048871
2026-08-28 15:00:45.261,capturas/4/20260828_145754/flow,original,985,174.0780,0.021451
2026-08-28 15:00:45.433,capturas/4/20260828_145754/flow,original,986,174.2500,0.031846
2026-08-28 15:00:45.558,capturas/4/20260828_145754/flow,original,987,174.3750,0.056671
2026-08-28 15:00:45.761,capturas/4/20260828_145754/flow,original,988,174.5780,0.064766
2026-08-28 15:00:45.886,capturas/4/20260828_145754/flow,original,989,174.7030,0.063903
2026-08-28 15:00:46.058,capturas/4/20260828_145754/flow,original,990,174.8750,0.046926
2026-08-28 15:00:46.246,capturas/4/20260828_145754/flow,original,991,175.0630,0.094876
2026-08-28 15:00:46.418,capturas/4/20260828_145754/flow,original,992,175.2350,0.142271
2026-08-28 15:00:46.543,capturas/4/20260828_145754/flow,original,993,175.3600,0.139946
2026-08-28 15:00:46.699,capturas/4/20260828_145754/flow,original,994,175.5160,0.074927
2026-08-28 15:00:46.886,capturas/4/20260828_145754/flow,original,995,175.7030,0.077321
2026-08-28 15:00:47.043,capturas/4/20260828_145754/flow,original,996,175.8600,0.194454
2026-08-28 15:00:47.214,capturas/4/20260828_145754/flow,original,997,176.0310,0.185679
2026-08-28 15:00:47.355,capturas/4/20260828_145754/flow,original,998,176.1720,0.172983
2026-08-28 15:00:47.543,capturas/4/20260828_145754/flow,original,999,176.3600,0.165392
2026-08-28 15:00:47.714,capturas/4/20260828_145754/flow,original,1000,176.5310,0.143543
2026-08-28 15:00:47.902,capturas/4/20260828_145754/flow,original,1001,176.7190,0.214434
2026-08-28 15:00:48.105,capturas/4/20260828_145754/flow,original,1002,176.9220,0.221143
2026-08-28 15:00:48.277,capturas/4/20260828_145754/flow,original,1003,177.0940,0.320042
2026-08-28 15:00:48.449,capturas/4/20260828_145754/flow,original,1004,177.2660,0.264036
2026-08-28 15:00:48.558,capturas/4/20260828_145754/flow,original,1005,177.3750,0.163849
2026-08-28 15:00:48.746,capturas/4/20260828_145754/flow,original,1006,177.5630,0.271868
2026-08-28 15:00:48.933,capturas/4/20260828_145754/flow,original,1007,177.7500,0.255893
2026-08-28 15:00:49.089,capturas/4/20260828_145754/flow,original,1008,177.9060,0.345772
2026-08-28 15:00:49.246,capturas/4/20260828_145754/flow,original,1009,178.0630,0.358374
2026-08-28 15:00:49.402,capturas/4/20260828_145754/flow,original,1010,178.2190,0.294852
2026-08-28 15:00:49.589,capturas/4/20260828_145754/flow,original,1011,178.4060,0.358274
2026-08-28 15:00:49.746,capturas/4/20260828_145754/flow,original,1012,178.5630,0.483482
2026-08-28 15:00:49.933,capturas/4/20260828_145754/flow,original,1013,178.7500,0.522033
2026-08-28 15:00:50.136,capturas/4/20260828_145754/flow,original,1014,178.9530,0.523357
2026-08-28 15:00:50.308,capturas/4/20260828_145754/flow,original,1015,179.1250,0.556365
2026-08-28 15:00:50.480,capturas/4/20260828_145754/flow,original,1016,179.2970,0.363329
2026-08-28 15:00:50.605,capturas/4/20260828_145754/flow,original,1017,179.4220,0.286622
2026-08-28 15:00:50.793,capturas/4/20260828_145754/flow,original,1018,179.6100,0.319509
2026-08-28 15:00:50.949,capturas/4/20260828_145754/flow,original,1019,179.7660,0.389511
2026-08-28 15:00:51.152,capturas/4/20260828_145754/flow,original,1020,179.9690,0.432722
2026-08-28 15:00:51.324,capturas/4/20260828_145754/flow,original,1021,180.1410,0.559209
2026-08-28 15:00:51.511,capturas/4/20260828_145754/flow,original,1022,180.3280,0.469364
2026-08-28 15:00:51.636,capturas/4/20260828_145754/flow,original,1023,180.4530,0.405859
2026-08-28 15:00:51.824,capturas/4/20260828_145754/flow,original,1024,180.6410,0.374509
2026-08-28 15:00:51.996,capturas/4/20260828_145754/flow,original,1025,180.8130,0.307001
2026-08-28 15:00:52.168,capturas/4/20260828_145754/flow,original,1026,180.9850,0.228351
2026-08-28 15:00:52.339,capturas/4/20260828_145754/flow,original,1027,181.1560,0.192202
2026-08-28 15:00:52.543,capturas/4/20260828_145754/flow,original,1028,181.3600,0.192870
2026-08-28 15:00:52.668,capturas/4/20260828_145754/flow,original,1029,181.4850,0.228780
2026-08-28 15:00:52.871,capturas/4/20260828_145754/flow,original,1030,181.6880,0.189708
2026-08-28 15:00:53.058,capturas/4/20260828_145754/flow,original,1031,181.8750,0.297774
2026-08-28 15:00:53.214,capturas/4/20260828_145754/flow,original,1032,182.0310,0.279187
2026-08-28 15:00:53.386,capturas/4/20260828_145754/flow,original,1033,182.2030,0.276480
2026-08-28 15:00:53.558,capturas/4/20260828_145754/flow,original,1034,182.3750,0.292752
2026-08-28 15:00:53.714,capturas/4/20260828_145754/flow,original,1035,182.5310,0.377900
2026-08-28 15:00:53.886,capturas/4/20260828_145754/flow,original,1036,182.7030,0.323566
2026-08-28 15:00:54.058,capturas/4/20260828_145754/flow,original,1037,182.8750,0.289228
2026-08-28 15:00:54.246,capturas/4/20260828_145754/flow,original,1038,183.0630,0.385906
2026-08-28 15:00:54.402,capturas/4/20260828_145754/flow,original,1039,183.2190,0.530270
2026-08-28 15:00:54.589,capturas/4/20260828_145754/flow,original,1040,183.4060,0.435292
2026-08-28 15:00:54.761,capturas/4/20260828_145754/flow,original,1041,183.5780,0.341973
2026-08-28 15:00:54.949,capturas/4/20260828_145754/flow,original,1042,183.7660,0.397035
2026-08-28 15:00:55.136,capturas/4/20260828_145754/flow,original,1043,183.9530,0.368098
2026-08-28 15:00:55.324,capturas/4/20260828_145754/flow,original,1044,184.1410,0.333044
2026-08-28 15:00:55.480,capturas/4/20260828_145754/flow,original,1045,184.2970,0.301769
2026-08-28 15:00:55.621,capturas/4/20260828_145754/flow,original,1046,184.4380,0.257228
2026-08-28 15:00:55.793,capturas/4/20260828_145754/flow,original,1047,184.6100,0.392326
2026-08-28 15:00:55.964,capturas/4/20260828_145754/flow,original,1048,184.7810,0.374911
2026-08-28 15:00:56.105,capturas/4/20260828_145754/flow,original,1049,184.9220,0.365914
2026-08-28 15:00:56.293,capturas/4/20260828_145754/flow,original,1050,185.1100,0.448284
2026-08-28 15:00:56.449,capturas/4/20260828_145754/flow,original,1051,185.2660,0.506716
2026-08-28 15:00:56.636,capturas/4/20260828_145754/flow,original,1052,185.4530,0.496167
2026-08-28 15:00:56.793,capturas/4/20260828_145754/flow,original,1053,185.6100,0.497971
2026-08-28 15:00:56.933,capturas/4/20260828_145754/flow,original,1054,185.7500,0.420186
2026-08-28 15:00:57.136,capturas/4/20260828_145754/flow,original,1055,185.9530,0.484226
2026-08-28 15:00:57.308,capturas/4/20260828_145754/flow,original,1056,186.1250,0.469317
2026-08-28 15:00:57.480,capturas/4/20260828_145754/flow,original,1057,186.2970,0.475169
2026-08-28 15:00:57.636,capturas/4/20260828_145754/flow,original,1058,186.4530,0.419677
2026-08-28 15:00:57.839,capturas/4/20260828_145754/flow,original,1059,186.6560,0.430615
2026-08-28 15:00:58.011,capturas/4/20260828_145754/flow,original,1060,186.8280,0.394469
2026-08-28 15:00:58.136,capturas/4/20260828_145754/flow,original,1061,186.9530,0.387897
2026-08-28 15:00:58.308,capturas/4/20260828_145754/flow,original,1062,187.1250,0.337702
2026-08-28 15:00:58.480,capturas/4/20260828_145754/flow,original,1063,187.2970,0.413277
2026-08-28 15:00:58.652,capturas/4/20260828_145754/flow,original,1064,187.4690,0.441877
2026-08-28 15:00:58.824,capturas/4/20260828_145754/flow,original,1065,187.6410,0.424213
2026-08-28 15:00:58.996,capturas/4/20260828_145754/flow,original,1066,187.8130,0.281340
2026-08-28 15:00:59.152,capturas/4/20260828_145754/flow,original,1067,187.9690,0.319465
2026-08-28 15:00:59.324,capturas/4/20260828_145754/flow,original,1068,188.1410,0.328561
2026-08-28 15:00:59.480,capturas/4/20260828_145754/flow,original,1069,188.2970,0.291313
2026-08-28 15:00:59.699,capturas/4/20260828_145754/flow,original,1070,188.5160,0.291554
2026-08-28 15:00:59.886,capturas/4/20260828_145754/flow,original,1071,188.7030,0.443863
2026-08-28 15:01:00.105,capturas/4/20260828_145754/flow,original,1072,188.9220,0.364630
2026-08-28 15:01:00.277,capturas/4/20260828_145754/flow,original,1073,189.0940,0.376861
2026-08-28 15:01:00.464,capturas/4/20260828_145754/flow,original,1074,189.2810,0.405367
2026-08-28 15:01:00.652,capturas/4/20260828_145754/flow,original,1075,189.4690,0.372172
2026-08-28 15:01:00.808,capturas/4/20260828_145754/flow,original,1076,189.6250,0.247681
2026-08-28 15:01:00.996,capturas/4/20260828_145754/flow,original,1077,189.8130,0.259494
2026-08-28 15:01:01.121,capturas/4/20260828_145754/flow,original,1078,189.9380,0.302609
2026-08-28 15:01:01.308,capturas/4/20260828_145754/flow,original,1079,190.1250,0.321429
2026-08-28 15:01:01.511,capturas/4/20260828_145754/flow,original,1080,190.3280,0.337773
2026-08-28 15:01:01.761,capturas/4/20260828_145754/flow,original,1081,190.5780,0.341145
2026-08-28 15:01:01.996,capturas/4/20260828_145754/flow,original,1082,190.8130,0.356037
2026-08-28 15:01:02.214,capturas/4/20260828_145754/flow,original,1083,191.0310,0.369352
